ROUTE,STOPNAME,TAZ_Distri
11,FIU UNIV CAMPUS SW 107 AV-17,16
11,SW 107 AV #1431,16
11,SW 107 AV # 1225,16
11,SW 107 AV # 917,16
11,SW 107 AV SW 6 ST,37
11,SW 107 AV SW 4 ST,37
11,W FLAGLER ST SW 107 AV,37
11,W FLAGLER ST SW 105 PL,37
11,W FLAGLER ST SW 103 AV,37
11,W FLAGLER ST SW 102 AV,37
11,W FLAGLER ST SW 99 CT,37
11,W FLAGLER ST SW 98 CT,37
11,W FLAGLER ST SW 97 AV,37
11,W FLAGLER ST # 9440,36
11,W FLAGLER ST # 9400,36
11,W FLAGLER ST # 9250,36
11,W FLAGLER ST SW 92 AV,36
11,W FLAGLER ST FONTAINEBLEAU B,36
11,W FLAGLER ST SW 87 AV,35
11,W FLAGLER ST SW 84 AV,35
11,W FLAGLER ST SW 82 AV,35
11,NW 79 AV W FLAGLER ST,34
11,MALL OF AMERICAS NW 79 AV,34
11,NW 79 AV # 444,34
11,NW 79 AV NW 2 ST,34
11,W FLAGLER ST SW 78 PL,34
11,W FLAGLER ST SW 78 AV,34
11,W FLAGLER ST SW 76 CT,34
11,W FLAGLER ST # 7400,34
11,W FLAGLER ST GRAND CANAL DR,34
11,W FLAGLER ST SW 72 AV,34
11,W FLAGLER ST SW 71 AV,34
11,W FLAGLER ST SW 69 AV,34
11,W FLAGLER ST SW 67 CT,34
11,W FLAGLER ST SW 67 AV,34
11,W FLAGLER ST SW 66 AV,33
11,W FLAGLER ST SW 64 CT,33
11,W FLAGLER ST SW 63 CT,33
11,W FLAGLER ST SW 62 CT,33
11,W FLAGLER ST SW 61 AV,33
11,W FLAGLER ST SW 60 AV,33
11,W FLAGLER ST SW 59 AV,33
11,W FLAGLER ST SW 58 AV,33
11,W FLAGLER ST SW 57 AV,32
11,W FLAGLER ST SW 56 AV,32
11,W FLAGLER ST SW 55 AV,32
11,W FLAGLER ST SW 52 CT,32
11,W FLAGLER ST SW 51 PL,32
11,W FLAGLER ST SW 50 AV,32
11,W FLAGLER ST SW 48 AV,32
11,W FLAGLER ST SW 47 AV,31
11,W FLAGLER ST SW 45 AV,31
11,W FLAGLER ST SW 44 AV,31
11,W FLAGLER ST SW 43 AV,31
11,W FLAGLER ST SW 41 AV,31
11,W FLAGLER ST SW 40 AV,31
11,W FLAGLER ST SW 38 CT,31
11,W FLAGLER ST SW 38 AV,31
11,W FLAGLER ST SW 37 AV,30
11,W FLAGLER ST SW 36 AV,30
11,W FLAGLER ST SW 34 AV,30
11,W FLAGLER ST SW 33 AV,30
11,W FLAGLER ST SW 32 AV,30
11,W FLAGLER ST SW 31 AV,30
11,W FLAGLER ST SW 30 AV,30
11,W FLAGLER ST SW 29 AV,30
11,W FLAGLER ST SW 27 AV,30
11,W FLAGLER ST # 2520,29
11,W FLAGLER ST # 2446,29
11,SW 1 ST SW 23 AV,29
11,SW 1 ST SW 21 AV,28
11,SW 1 ST SW 18 CT,28
11,SW 1 ST SW 18 AV,28
11,SW 1 ST SW 17 AV,27
11,SW 1 ST SW 15 AV,27
11,SW 1 ST SW 14 AV,27
11,SW 1 ST SW 13 AV,27
11,SW 1 ST SW 12 AV,26
11,SW 1 ST SW 11 AV,26
11,SW 1 ST SW 10 AV,26
11,SW 1 ST SW 9 AV,26
11,SW 1 ST SW 8 AV,26
11,SW 1 ST SW 6 AV,26
11,SW 1 ST SW 5 AV,26
11,SW 1 ST SW 1 CT,20
11,SE 1ST SE 1 AV,20
11,SE 1 ST SE 3 AV,20
11,NE 1 ST NE 3 AV,20
11,NE 1 ST NE 2 AV,20
11,NE 1 ST NE 1 AV,20
11,NW 1 ST N MIAMI AV,20
11,NW 1 ST NW 1 AV,20
11,NW 1 ST NW 1 AV,20
11,W FLAGLER ST NW 6 AV,26
11,W FLAGLER ST NW 7 AV,26
11,W FLAGLER ST NW 8 AV,26
11,W FLAGLER ST NW 9 AV,26
11,W FLAGLER ST NW 10 AV,26
11,W FLAGLER ST NW 12 AV,27
11,W FLAGLER ST NW 13 AV,27
11,W FLAGLER ST NW 15 AV,27
11,W FLAGLER ST NW 16 AV,27
11,W FLAGLER ST NW 17 CT,28
11,W FLAGLER ST NW 18 AV,28
11,W FLAGLER ST OP SW 20 AV,28
11,W FLAGLER ST NW 22 AV,28
11,W FLAGLER ST NW 23 AV,29
11,W FLAGLER ST NW 25 AV,29
11,W FLAGLER ST NW 27 AV,29
11,W FLAGLER ST # 2987,30
11,W FLAGLER ST NW 30 AV,30
11,W FLAGLER ST NW 31 AV,30
11,W FLAGLER ST NW 32 CT,30
11,W FLAGLER ST NW 33 AV,30
11,W FLAGLER ST NW 35 AV,30
11,W FLAGLER ST NW 36 CT,30
11,W FLAGLER ST NW 37 AV,31
11,W FLAGLER ST OP SW 38 AV,31
11,W FLAGLER ST NW 39 AV,31
11,W FLAGLER ST NW 40 AV,31
11,W FLAGLER ST NW 42 AV,31
11,W FLAGLER ST NW 43 AV,31
11,W FLAGLER ST NW 43 PL,31
11,W FLAGLER ST NW 45 AV,31
11,W FLAGLER ST NW 47 AV,31
11,W FLAGLER ST NW 48 AV,32
11,W FLAGLER ST NW 49 AV,32
11,W FLAGLER ST NW 51 AV,32
11,W FLAGLER ST NW 53 AV,32
11,W FLAGLER ST NW 55 AV,32
11,W FLAGLER ST NW 56 AV,32
11,W FLAGLER ST NW 57 AV,32
11,W FLAGLER ST NW 58 AV,33
11,W FLAGLER ST NW 59 AV,33
11,W FLAGLER ST NW 60 AV,33
11,W FLAGLER ST NW 61 AV,33
11,W FLAGLER ST NW 62 CT,33
11,W FLAGLER ST NW 64 AV,33
11,W FLAGLER ST NW 65 AV,33
11,W FLAGLER ST NW 67 CT,33
11,W FLAGLER ST NW 69 AV,33
11,W FLAGLER ST # 7167,33
11,W FLAGLER ST NW 72 AV,34
11,W FLAGLER ST NW 73 CT,34
11,W FLAGLER ST NW 74 AV,34
11,W FLAGLER ST NW 76 AV,34
11,NW 79 AV W FLAGLER ST,34
11,NW 79 AV NW 2 ST,34
11,MALL OF AMERICAS NW 79 A,34
11,MALL OF AMERICAS NW 79 AV,34
11,NW 79 AV # 444,34
11,W FLAGLER ST NW 79 AV,34
11,W FLAGLER ST NW 82 AV,35
11,W FLAGLER ST NW 84 AV,35
11,W FLAGLER ST NW 87 AV,35
11,W FLAGLER ST FONTAINEBLEAU B,36
11,W FLAGLER ST OP # 9250,36
11,W FLAGLER ST # 9301,36
11,W FLAGLER ST OP # 9420,36
11,W FLAGLER ST # 9501,36
11,W FLAGLER ST NW 97 AV,37
11,W FLAGLER ST OP SW 98 CT,37
11,W FLAGLER ST # 9925,37
11,W FLAGLER ST NW 102 AV,37
11,W FLAGLER ST OP SW 103 AV,37
11,W FLAGLER ST APPROX # 10501,37
11,SW 107 AV W FLAGLER ST,38
11,SW 107 AV SW 3 ST,38
11,SW 107 AV SW 5 ST,38
11,SW 107 AV SW 7 ST,38
11,SW 107 AV SW 11 ST,16
11,SW 107 AV SW 14 ST,16
11,FIU UNIV CAMPUS SW 107 A,16
11,FIU UNIV CAMPUS SW 107 AV-17,16
12,NORTHSIDE STA 3150 NW 79 ST,11
12,NW 79 ST NW 30 AV,11
12,NW 79 ST 2800 BLOCK,11
12,NW 79 ST NW 27 AV,11
12,NW 79 ST NW 25 AV,11
12,NW 79 ST NW 23 AV,11
12,NW 79 ST NW 22 AV,11
12,NW 22 AV NW 77 TE,11
12,NW 22 AV NW 75 ST,11
12,NW 22 AV NW 73 ST,11
12,NW 71 ST NW 22 AV,12
12,NW 71 ST NW 21 AV,12
12,NW 71 ST NW 19 AV,12
12,NW 71 ST NW 18 AV,12
12,NW 71 ST NW 17 AV,12
12,NW 71 ST NW 15 AV,12
12,NW 71 ST NW 14 AV,12
12,NW 71 ST NW 13 AV,12
12,NW 12 AV NW 70 ST,12
12,NW 12 AV NW 67 ST,12
12,NW 67 ST NW 13 AV,12
12,NW 14 AV NW 67 ST,12
12,NW 14 AV NW 63 ST,12
12,NW 14 AV NW 62 ST,12
12,NW 62 ST NW 13 AV,12
12,NW 62 ST NW 12 AV,12
12,NW 12 AV NW 60 ST,12
12,NW 12 AV NW 58 ST,12
12,NW 12 AV NW 56 ST,12
12,NW 12 AV NW 54 ST,12
12,NW 12 AV NW 53 ST,12
12,NW 12 AV NW 51 TE,12
12,NW 12 AV NW 50 ST,12
12,NW 12 AV NW 48 ST,12
12,NW 12 AV NW 46 ST,12
12,NW 12 AV NW 44 ST,12
12,NW 12 AV NW 42 ST,12
12,NW 12 AV NW 39 ST,12
12,NW 12 AV NW 38 ST,12
12,ALLAPATTAH STATION,13
12,NW 12 AV NW 30 ST,13
12,NW 12 AV NW 29 ST,13
12,NW 12 AV NW 27 ST,13
12,NW 12 AV NW 26 ST,13
12,NW 12 AV NW 23 ST,13
12,NW 12 AV NW 21 ST,13
12,NW 12 AV NW 16 ST,13
12,NW 12 AV NW 14 ST,13
12,NW 12 AV NW 12 ST,13
12,NW 12 AV NW 7 ST,27
12,NW 12 AV NW 5 ST,27
12,NW 12 AV NW 3 ST,27
12,NW 12 AV NW 1 ST,27
12,SW 12 AV W FLAGLER ST,27
12,SW 12 AV SW 2 ST,27
12,SW 12 AV SW 4 ST,27
12,SW 12 AV SW 7 ST,27
12,SW 12 AV SW 8 ST,27
12,SW 12 AV SW 10 ST,17
12,SW 12 AV SW 11 ST,17
12,SW 12 AV SW 13 ST,17
12,SW 12 AV SW 15 ST,17
12,SW 12 AV SW 17 ST,17
12,SW 12 AV SW 18 ST,17
12,SW 12 AV SW 20 ST,17
12,SW 13 AV SW 22 ST,17
12,SW 22 ST SW 32 RD,17
12,VIZCAYA STA 3201 SW 1 AV,17
12,SW 3 AV SW 30 RD,17
12,SW 3 AV SW 28 RD,17
12,SW 3 AV SW 26 RD,17
12,SW 26 RD SW 1 AV,17
12,SW 26 RD S MIAMI AV,17
12,S MIAMI AV BRICKELL AV,9
12,S MIAMI AV SW 32 RD,9
12,S MIAMI AV # 3251,9
12,S MIAMI AV SAMANA DR,9
12,S MIAMI AV OP # 3605,9
12,HALISSE ST SOUTH BAYSHORE DR,9
12,E GLENCOE SOUTH BAYSHORE DR,9
12,AT MERCY HOSPITAL MERCY,9
12,AT MERCY HOSPITAL MERCY WY E,9
12,AT MERCY HOSPITAL MERCY WY E,9
12,MERCY WY S MIAMI AV,9
12,S MIAMI AV MERCY WY,9
12,S MIAMI AV S. 3601 BLK,9
12,S MIAMI AV SAMANA DR,9
12,S MIAMI AV #3251,9
12,S MIAMI AV SE 32 RD,9
12,S MIAMI AV BRICKELL AV,17
12,S MIAMI AV SE 26 RD,17
12,SW 26 RD SW 1 AV,17
12,SW 26 RD SW 3 AV,17
12,SW 3 AV SW 26 RD,17
12,SW 3 AV SW 29 RD,17
12,VIZCAYA STA 3201 SW 1 AV,17
12,SW 3 AV SW 31 RD,17
12,SW 12 AV SW 21 TE,17
12,SW 12 AV SW 31 RD,17
12,SW 12 AV SW 7 AV,17
12,SW 12 AV SW 15 ST,17
12,SW 12 AV SW 13 ST,17
12,SW 12 AV SW 11 ST,17
12,SW 12 AV SW 10 ST,17
12,SW 12 AV SW 8 ST,17
12,SW 12 AV SW 7 ST,26
12,SW 12 AV SW 4 ST,26
12,SW 12 AV SW 2 ST,26
12,SW 12 AV SW 1 ST,26
12,NW 12 AV NW 2 ST,26
12,NW 12 AV NW 5 ST,26
12,NW 12 AV NW 7 ST,26
12,NW 12 AV NW 12 ST,13
12,NW 12 AV NW 15 ST,13
12,NW 12 AV NW 21 ST,13
12,NW 12 AV NW 22 ST,13
12,NW 12 AV NW 24 ST,13
12,NW 12 AV NW 27 ST,13
12,NW 12 AV NW 29 ST,13
12,NW 12 AV NW 32 ST,13
12,ALLAPATTAH STATION,13
12,NW 12 AV NW 36 ST,13
12,NW 12 AV NW 39 ST,12
12,NW 12 AV NW 41 ST,12
12,NW 12 AV NW 43 ST,12
12,NW 12 AV NW 46 ST,12
12,NW 12 AV NW 48 ST,12
12,NW 12 AV NW 51 ST,12
12,NW 12 AV NW 52 ST,12
12,NW 12 AV NW 54 ST,12
12,NW 12 AV NW 57 ST,12
12,NW 12 AV NW 58 ST,12
12,NW 12 AV NW 60 ST,12
12,NW 62 ST NW 12 AV,12
12,NW 62 ST NW 13 AV,12
12,NW 14 AV NW 62 ST,12
12,NW 14 AV NW 65 ST,12
12,NW 14 AV NW 67 ST,12
12,NW 67 ST NW 13 AV,12
12,NW 12 AV NW 67 ST,12
12,NW 12 AV NW 70 ST,12
12,NW 71 ST NW 12 AV,12
12,NW 71 ST NW 14 AV,11
12,NW 71 ST NW 15 AV,11
12,NW 71 ST NW 17 AV,12
12,NW 71 ST NW 18 AV,12
12,NW 71 ST NW 19 AV,12
12,NW 71 ST NW 21 AV,12
12,NW 71 ST NW 22 AV,12
12,NW 22 AV NW 72 ST,12
12,NW 22 AV NW 73 ST,11
12,NW 22 AV NW 75 ST,11
12,NW 79 ST NW 23 AV,11
12,NW 79 ST NW 24 AV,11
12,NW 79 ST NW 25 AV,11
12,NW 79 ST NW 27 AV,11
12,NW 79 ST NW 30 AV,11
12,NORTHSIDE STA 3150 NW 79,11
12,NORTHSIDE STA 3150 NW 79 ST,11
17,NW 7 AV NW 183 ST,10
17,NW 7 AV NW 186 DR,10
17,NW 7 AV NW 189 TE,10
17,NW 7 AV NW 191 ST,10
17,NW 7 AV NW 194 ST,10
17,NW 7 AV NW 195 TE,10
17,NW 7 AV NW 197 ST,10
17,NW 199 ST NW 7 AV,10
17,NW 199 ST NW 9 AV,10
17,NW 199 ST # 1061,10
17,NW 12 AV NW 195 ST,10
17,NW 12 AV NW 191 ST,10
17,NW 12 AV NW 189 TE,10
17,NW 12 AV NW 188 TE,10
17,NW 12 AV NW 186 ST,10
17,NW 12 AV NW 183 ST,10
17,NW 183 ST # 1301,11
17,NW 183 ST NW 14 AV,11
17,NW 183 ST NW 17 AV,11
17,NW 17 AV NW 185 ST,11
17,NW 17 AV NW 186 ST,11
17,NW 17 AV NW 187 TE,11
17,NW 17 AV NW 189 TE,11
17,NW 191 ST NW 17 AV,11
17,NW 191 ST NW 18 AV,11
17,NW 191 ST NW 19 AV,11
17,NW 191 ST NW 21 AV,11
17,NW 22 AV NW 190 TE,11
17,NW 22 AV NW 188 TE,11
17,NW 22 AV NW 185 TE,11
17,NW 22 AV NW 183 ST,11
17,NW 22 AV NW 181 ST,11
17,NW 22 AV NW 179 ST,11
17,NW 22 AV NW 175 ST,11
17,NW 22 AV NW 171 ST,11
17,NW 22 AV NW 169 ST,11
17,NW 22 AV NW 167 ST,11
17,NW 22 AV NW 166 ST,11
17,NW 22 AV E BUNCHE PARK DR N,11
17,NW 22 AV NW 158 ST,11
17,NW 22 AV W BUNCHE PARK DR,11
17,NW 22 AV NW 154 ST,11
17,NW 22 AV NW 151 ST,11
17,NW 22 AV ALI BABA AV,11
17,NW 22 AV RUTLAND ST,11
17,NW 22 AV NW 143 ST,11
17,NW 22 AV NW 141 ST,11
17,NW 22 AV NW 139 ST,11
17,NW 22 AV OPA LOCKA BD,11
17,NW 22 AV NW 135 ST,11
17,NW 22 AV NW 133 ST,11
17,NW 22 AV NW 131 ST,11
17,NW 22 AV NW 129 ST,11
17,NW 127 ST NW 21 AV,11
17,NW 127 ST NW 19 AV,11
17,NW 127 ST NW 18 CT,11
17,NW 127 ST NW 17 AV,11
17,NW 17 AV NW 124 TE,11
17,NW 17 AV NW 123 ST,11
17,NW 17 AV NW 121 ST,11
17,NW 17 AV NW 119 ST,11
17,NW 17 AV NW 117 ST,11
17,NW 17 AV NW 116 ST,11
17,NW 17 AV NW 113 TE,11
17,NW 17 AV NW 111 ST,11
17,NW 17 AV NW 109 ST,11
17,NW 17 AV NW 107 ST,11
17,NW 17 AV # 10500,11
17,NW 17 AV NW 103 ST,11
17,NW 17 AV LITTLE RIVER DR,11
17,NW 7 AV NW 106 ST,11
17,NW 8 AV NW 103 ST,11
17,NW 103 ST NW 10 AV,11
17,NW 103 ST NW 12 AV,11
17,NW 14 AV NW 103 ST,11
17,NW 14 AV NW 101 ST,11
17,NW 14 AV NW 100 ST,11
17,NW 14 AV NW 97 ST,11
17,NW 14 AV NW 95 ST,11
17,NW 17 AV NW 95 ST,11
17,NW 17 AV NW 93 TE,11
17,NW 17 AV NW 91 ST,11
17,NW 17 AV NW 89 ST,11
17,NW 17 AV NW 87 ST,11
17,NW 17 AV NW 84 ST,11
17,NW 17 AV NW 83 ST,11
17,NW 17 AV NW 81 ST,11
17,NW 17 AV NW 79 ST,11
17,NW 17 AV NW 78 ST,11
17,NW 17 AV NW 76 TE,11
17,NW 17 AV NW 75 ST,11
17,NW 17 AV NW 73 ST,11
17,NW 17 AV NW 71 ST,12
17,NW 17 AV NW 69 ST,12
17,NW 17 AV NW 66 ST,12
17,NW 17 AV NW 65 ST,12
17,NW 17 AV NW 63 ST,12
17,NW 17 AV NW 62 ST,12
17,NW 17 AV NW 58 TE,12
17,NW 17 AV NW 56 ST,12
17,NW 17 AV NW 54 ST,12
17,NW 17 AV NW 52 ST,12
17,NW 17 AV NW 51 ST,12
17,NW 17 AV NW 50 ST,12
17,NW 17 AV NW 48 ST,12
17,NW 46 ST NW 17 AV,12
17,NW 46 ST NW 19 AV,12
17,NW 46 ST NW 21 AV,12
17,NW 22 AV NW 46 ST,12
17,NW 22 AV NW 43 ST,12
17,EARLINGTON HGTS STA 2100 NW,12
17,NW 22 AV NW 42 ST,12
17,NW 46 ST NW 22 AV,12
17,NW 46 ST NW 18 AV,12
17,NW 17 AV NW 46 ST,12
17,NW 17 AV NW 43 ST,12
17,NW 17 AV NW 40 ST,12
17,NW 17 AV NW 36 ST,12
17,NW 17 AV NW 34 ST,13
17,NW 17 AV NW 33 ST,13
17,NW 17 AV NW 30 ST,13
17,NW 18 AV NW 30 ST,13
17,NW 18 AV NW 29 ST,13
17,NW 18 AV NW 28 ST,13
17,NW 17 AV NW 28 ST,13
17,NW 17 AV NW 27 ST,13
17,NW 17 AV NW 24 ST,13
17,NW 17 AV NW 21 TE,13
17,NW 17 AV NW 20 ST,13
17,NW 17 AV NW 19 ST,13
17,NW 17 AV NW 18 ST,13
17,NW 17 AV NW 16 ST,13
17,NW 17 AV NW 14 TE,13
17,NW 17 AV SR 836,23
17,NW 17 AV NW 7 ST,23
17,NW 17 AV NW 5 ST,27
17,NW 17 AV NW 3 ST,27
17,NW 17 AV W FLAGLER ST,27
17,SW 17 AV SW 2 ST,28
17,SW 17 AV SW 3 ST,28
17,SW 17 AV SW 6 ST,28
17,SW 17 AV SW 8 ST,28
17,SW 17 AV SW 10 ST,17
17,SW 17 AV SW 11 TE,17
17,SW 17 AV SW 13 ST,17
17,SW 17 AV SW 16 ST,17
17,SW 17 AV SW 17 ST,17
17,SW 17 AV SW 19 ST,17
17,SW 17 AV SW 21 ST,17
17,SW 22 ST SW 16 AV,17
17,SW 22 ST SW 14 AV,17
17,SW 22 ST SW 13 AV,17
17,SW 22 ST SW 32 RD,17
17,VIZCAYA STA 3201 SW 1 AV,17
17,VIZCAYA STA 3201 SW 1 AV,17
17,SW 3 AV SW 31 RD,17
17,SW 22 ST SW 13 AV,17
17,SW 22 ST SW 14 AV,17
17,SW 22 ST SW 16 AV,17
17,SW 17 AV SW 22 ST,17
17,SW 17 AV SW 20 ST,17
17,SW 17 AV SW 19 ST,17
17,SW 17 AV SW 17 TE,17
17,SW 17 AV SW 16 ST,17
17,SW 17 AV SW 13 ST,17
17,SW 17 AV SW 12 ST,17
17,SW 17 AV SW 9 ST,17
17,SW 17 AV SW 8 ST,27
17,SW 17 AV SW 6 ST,27
17,SW 17 AV SW 4 ST,27
17,SW 1 ST SW 17 AV,27
17,NW 17 AV W FLAGLER ST,27
17,NW 17 AV NW 3 ST,27
17,NW 17 AV NW 5 ST,27
17,NW 17 AV NW 7 ST,27
17,NW 17 AV SR 836,23
17,NW 17 AV NW 14 TE,13
17,NW 17 AV NW 16 ST,13
17,NW 17 AV NW 17 ST,13
17,NW 17 AV NW 19 ST,13
17,NW 17 AV NW 20 ST,13
17,NW 17 AV NW 22 ST,13
17,NW 17 AV NW 27 ST,13
17,NW 28 ST NW 18 AV,13
17,NW 18 AV NW 29 ST,13
17,NW 17 AV NW 29 ST,13
17,NW 17 AV NW 31 ST,13
17,NW 17 AV NW 33 ST,13
17,NW 17 AV NW 34 ST,13
17,NW 17 AV NW 36 ST,12
17,NW 17 AV NW 38 ST,12
17,NW 17 AV NW 40 ST,12
17,NW 17 AV NW 43 ST,12
17,NW 46 ST NW 17 AV,12
17,NW 46 ST NW 19 AV,12
17,NW 46 ST NW 21 AV,12
17,NW 22 AV NW 46 ST,12
17,NW 22 AV NW 43 ST,12
17,EARLINGTON HGTS STA 2100 NW,12
17,NW 22 AV NW 42 ST,12
17,NW 46 ST NW 22 AV,12
17,NW 46 ST NW 18 AV,12
17,NW 17 AV NW 46 ST,12
17,NW 17 AV NW 49 ST,12
17,NW 17 AV NW 51 ST,12
17,NW 17 AV NW 52 ST,12
17,NW 17 AV NW 54 ST,12
17,NW 17 AV NW 56 ST,12
17,NW 17 AV NW 58 ST,12
17,NW 17 AV NW 59 ST,12
17,NW 17 AV NW 62 ST,12
17,NW 17 AV NW 63 ST,12
17,NW 17 AV NW 65 ST,12
17,NW 17 AV NW 68 ST,12
17,NW 17 AV NW 69 ST,12
17,NW 17 AV NW 69 TE,12
17,NW 17 AV NW 71 ST,11
17,NW 17 AV NW 74 ST,11
17,NW 17 AV NW 75 ST,11
17,NW 17 AV NW 76 TE,11
17,NW 17 AV NW 79 ST,11
17,NW 17 AV NW 81 ST,11
17,NW 17 AV NW 84 ST,11
17,NW 17 AV NW 87 ST,11
17,NW 17 AV NW 89 ST,11
17,NW 17 AV NW 91 ST,11
17,NW 17 AV NW 93 TE,11
17,NW 17 AV NW 95 ST,11
17,NW 95 ST NW 17 AV,11
17,NW 14 AV NW 95 TE,11
17,NW 14 AV NW 97 ST,11
17,NW 14 AV NW 100 ST,11
17,NW 14 AV NW 101 ST,11
17,NW 14 AV NW 103 ST,11
17,NW 103 ST NW 12 AV,11
17,NW 103 ST NW 10 AV,11
17,NW 103 ST NW 8 AV,11
17,NW 7 AV NW 103 ST,11
17,NW 7 AV NW 106 ST,11
17,NW 17 AV LITTLE RIVER DR,11
17,NW 17 AV NW 102 ST,11
17,NW 17 AV NW 103 ST,11
17,NW 17 AV OP # 10500,11
17,NW 17 AV NW 108 ST,11
17,NW 17 AV NW 109 ST,11
17,NW 17 AV NW 111 ST,11
17,NW 17 AV NW 113 TE,11
17,NW 17 AV NW 115 ST,11
17,NW 17 AV NW 117 ST,11
17,NW 17 AV NW 119 ST,11
17,NW 17 AV NW 121 ST,11
17,NW 17 AV NW 123 ST,11
17,NW 17 AV NW 125 ST,11
17,NW 17 AV NW 127 ST,11
17,NW 127 ST E RANDALL PARK DR,11
17,NW 127 ST NW 18 CT,11
17,NW 127 ST NW 21 AV,11
17,NW 22 AV NW 129 ST,11
17,NW 22 AV NW 131 ST,11
17,NW 22 AV NW 133 ST,11
17,NW 22 AV NW 135 ST,11
17,NW 22 AV OPA LOCKA BD,11
17,NW 22 AV NW 139 ST,11
17,NW 22 AV BURLINGTON ST,11
17,NW 22 AV WILMINGTON ST,11
17,NW 22 AV ALI BABA AV,11
17,NW 22 AV GRANT AV,11
17,NW 22 AV NW 151 ST,11
17,NW 22 AV NW 152 TE,11
17,NW 22 AV NW 155 ST,11
17,NW 22 AV E BUNCHE PARK DR S,11
17,NW 22 AV # 15825,11
17,NW 22 AV E BUNCHE PK DR N,11
17,NW 22 AV NW 166 ST,11
17,NW 22 AV NW 167 ST,11
17,NW 22 AV NW 169 ST,11
17,NW 22 AV NW 171 TE,11
17,NW 22 AV NW 175 ST,11
17,NW 22 AV NW 179 ST,11
17,NW 22 AV NW 181 ST,11
17,NW 22 AV NW 183 ST,11
17,NW 22 AV NW 185 ST,11
17,NW 22 AV # 18741,11
17,NW 22 AV NW 191 ST,11
17,NW 191 ST NW 21 AV,11
17,NW 191 ST NW 19 AV,11
17,NW 191 ST NW 18 AV,11
17,NW 191 ST NW 17 AV,11
17,NW 17 AV NW 189 TE,11
17,NW 17 AV NW 187 TE,11
17,NW 17 AV NW 186 ST,11
17,NW 17 AV NW 183 DR,11
17,NW 183 ST NW 17 AV,11
17,NW 183 ST NW 14 AV,11
17,NW 183 ST # 1300,11
17,NW 12 AV NW 183 ST,10
17,NW 12 AV NW 185 TE,10
17,NW 12 AV NW 187 ST,10
17,NW 12 AV NW 188 TE,10
17,NW 12 AV NW 191 ST,10
17,NW 12 AV NW 194 ST,10
17,NW 12 AV # 19721,10
17,NW 12 AV NW 199 ST,10
17,NW 199 ST NW 11 AV,10
17,NW 199 ST NW 9 AV,10
17,NW 199 ST NW 7 AV,10
17,NW 7 AV NW 199 ST,10
17,NW 7 AV NW 197 TE,10
17,NW 7 AV # 19520,10
17,NW 7 AV NW 194 ST,10
17,NW 7 AV NW 191 ST,10
17,NW 7 AV NW 189 TE,10
17,NW 7 AV NW 187 DR,10
17,NW 7 AV NW 183 ST,10
57,SW 152 ST BUSWAY STATION,7
57,SW 92 AV SW 152 ST,7
57,SW 144 ST SW 90 AV,7
57,SW 152 ST US 1,9
57,SW 152 ST SW 89 CT,9
57,SW 152 ST SW 88 AV,8
57,SW 152 ST SW 87 AV,8
57,SW 152 ST SW 84 AV,8
57,SW 152 ST SW 82 AV,8
57,SW 152 ST SW 80 AV,8
57,SW 152 ST SW 79 AV,9
57,SW 152 ST SW 78 CT,9
57,SW 77 AV SW 152 ST,9
57,SW 77 AV SW 150 ST,9
57,SW 77 AV SW 146 TE,9
57,SW 77 AV SW 144 ST,9
57,SW 77 AV SW 142 ST,9
57,SW 77 AV SW 140 ST,9
57,SW 77 AV SW 139 ST,9
57,SW 77 AV SW 136 ST,9
57,SW 77 AV SW 134 ST,9
57,SW 77 AV SW 132 ST,9
57,SW 77 AV SW 130 ST,9
57,SW 77 AV SW 128 ST,9
57,SW 77 AV SW 126 ST,9
57,SW 77 AV SW 124 ST,9
57,SW 124 ST SW 74 AV,9
57,SW 124 ST SW 71 CT,9
57,SW 124 ST SW 69 PL,9
57,SW 124 ST SW 68 CT,9
57,SW 67 AV SW 124 ST,9
57,SW 67 AV SW 120 ST,9
57,SW 67 AV SW 117 ST,9
57,SW 67 AV SW 115 ST,9
57,SW 67 AV SW 112 ST,9
57,SW 112 ST SW 65 AV,9
57,SW 112 ST SW 64 AV,9
57,SW 112 ST SW 62 AV,9
57,SW 112 ST SW 60 CT,9
57,SW 111 ST SW 59 AV,9
57,SW 111 ST SW 57 AV,9
57,SW 57 AV SW 104 ST,9
57,SW 57 AV SW 102 ST,9
57,SW 57 AV SW 100 ST,9
57,SW 57 AV SW 97 ST,9
57,SW 57 AV SW 94 ST,9
57,SW 57 AV SW 91 ST,9
57,SW 57 AV SW 88 ST,9
57,SW 57 AV SW 84 ST,9
57,SW 57 AV SW 82 ST,9
57,SW 57 AV SW 80 ST,9
57,SW 57 AV SW 78 ST,9
57,SW 57 AV SW 76 ST,9
57,SW 57 AV SW 74 ST,9
57,SW 72 ST SW 58 AV,9
57,SOUTH MIAMI STA 5949 SW 72 S,17
57,SW 57 AV BRESCIA AV,17
57,SW 57 AV LIGURIA AV,17
57,SW 57 AV MATARO AV,17
57,SW 57 AV ZORETA AV,17
57,SW 57 AV MILLER RD,17
57,SW 57 AV BARACOA AV,17
57,SW 57 AV ROBBIA AV,17
57,SW 57 AV SIENA AV,17
57,SW 57 AV SW 48 ST,17
57,SW 57 AV MENDAVIA AV,17
57,SW 57 AV PALANCIA AV,17
57,SW 57 AV GARCIA AV,17
57,SW 57 AV ALGARDI AV,17
57,SW 57 AV SW 40 ST,17
57,SW 57 AV ALCALA AV,17
57,SW 57 AV MURCIA AV,17
57,SW 57 AV TREVINO AV,17
57,SW 57 AV SARAGOSSA AV,17
57,SW 57 AV CATALONIA AV,17
57,SW 57 AV SEVILLA AV,17
57,SW 57 AV SW 24 ST,17
57,SW 57 AV S GREENWAY DR,17
57,SW 57 AV OBISPO AV,17
57,SW 57 AV SW 8 ST,32
57,SW 57 AV SW 5 TR,32
57,SW 57 AV SW 2 ST,32
57,SW 57 AV W FLAGLER ST,32
57,MIAMI INTERNATIONAL AIRP,25
57,MIAMI INTERNATIONAL AIRPORT,25
57,MIAMI INTERNATIONAL AIRPORT,25
57,NW 57 AV NW 11 ST,25
57,NW 57 AV OP # 815,33
57,NW 57 AV NW 7 ST,33
57,NW 57 AV NW 5 ST,33
57,NW 57 AV NW 2 ST,33
57,NW 57 AV W FLAGLER ST,33
57,SW 57 AV SW 2 TR,33
57,SW 57 AV SW 5 TR,33
57,SW 16 ST SW 57 AV,17
57,SW 57 AV SW 17 ST,17
57,SW 57 AV SW 22 ST,17
57,SW 57 AV FLAGLER ST S/F,17
57,SW 57 AV DEVONSHIRE BD,17
57,SW 57 AV SW 31 ST,17
57,SW 57 AV SW 34 ST,17
57,SW 57 AV SW 35 ST,17
57,SW 57 AV SW 39 ST,17
57,SW 57 AV SW 42 ST,17
57,SW 57 AV SW 45 ST,17
57,SW 57 AV SW 46 TE,17
57,SW 57 AV SW 48 ST,17
57,SW 57 AV SW 50 ST,17
57,SW 57 AV SW 51 ST,17
57,SW 57 AV SW 52 TE,17
57,SW 57 AV SW 54 TE,17
57,SW 57 AV SW 56 ST,17
57,SW 57 AV SW 58 TE,17
57,SW 57 AV SW 60 ST,17
57,SW 57 AV SW 62 ST,17
57,SW 57 AV SW 64 ST,17
57,SW 57 AV SW 66 ST,17
57,SW 57 AV SW 68 ST,17
57,SOUTH MIAMI STA 5949 SW 72 S,17
57,SW 57 AV SW 72 ST,9
57,SW 57 AV SW 74 TE,9
57,SW 57 AV SW 77 TE,9
57,SW 57 AV SW 80 ST,9
57,SW 57 AV SW 83 ST,9
57,SW 57 AV SW 88 ST,9
57,SW 57 AV SW 91 ST,9
57,SW 57 AV SW 94 ST,9
57,SW 57 AV SW 97 ST,9
57,SW 57 AV SW 100 ST,9
57,SW 57 AV SW 102 ST,9
57,SW 57 AV SW 104 ST,9
57,SW 57 AV SW 111 ST,9
57,SW 111 ST SW 59 AV,9
57,SW 112 ST SW 60 CT,9
57,SW 112 ST SW 62 AV,9
57,SW 112 ST SW 64 AV,9
57,SW 112 ST SW 65 AV,9
57,SW 67 AV SW 112 ST,9
57,SW 67 AV SW 115 ST,9
57,SW 67 AV SW 117 ST,9
57,SW 67 AV SW 120 ST,9
57,SW 67 AV SW 124 ST,9
57,SW 124 ST SW 68 AV,9
57,SW 124 ST SW 68 CT,9
57,SW 124 ST SW 69 PL,9
57,SW 124 ST SW 71 CT,9
57,SW 124 ST SW 73 AV,9
57,SW 124 ST SW 74 CT,9
57,SW 124 ST SW 77 AV,9
57,SW 77 AV SW 125 TE,9
57,SW 77 AV SW 128 ST,9
57,SW 77 AV SW 130 ST,9
57,SW 77 AV SW 132 ST,9
57,SW 77 AV SW 134 TE,9
57,SW 77 AV SW 136 ST,9
57,SW 77 AV SW 138 ST,9
57,SW 77 AV SW 142 ST,9
57,SW 77 AV SW 144 ST,9
57,SW 77 AV SW 146 TE,9
57,SW 77 AV SW 150 ST,9
57,SW 77 AV SW 152 ST,9
57,SW 152 ST SW 78 CT,8
57,SW 152 ST SW 79 AV,9
57,SW 152 ST SW 80 AV,9
57,SW 152 ST SW 82 AV,9
57,SW 152 ST SW 84 CT,9
57,SW 152 ST SW 87 AV,9
57,SW 152 ST SW 88 AV,9
57,SW 152 ST SW 89 CT,9
57,SW 152 ST US 1,9
57,SW 92 AV SW 152 ST,7
57,SW 152 ST BUSWAY STATION,7
6,NW 18 AV NW 29 ST,13
6,NW 29 ST NW 16 AV,13
6,NW 29 ST NW 15 AV,13
6,NW 29 ST NW 14 AV,13
6,NW 29 ST NW 13 AV,13
6,NW 29 ST NW 12 AV,13
6,NW 29 ST NW 11 AV,13
6,NW 29 ST NW 10 AV,13
6,NW 29 ST NW 8 AV,13
6,NW 29 ST NW 7 AV,13
6,NW 29 ST NW 6 AV,13
6,NW 29 ST NW 5 AV,13
6,NW 29 ST NW 3 AV,13
6,NW 29 ST NW 2 AV,13
6,NW 29 ST NW 1 AV,13
6,NW 29 ST N MIAMI AV,13
6,N MIAMI AV NW 27 ST,13
6,N MIAMI AV NW 25 ST,13
6,N MIAMI AV NW 23 ST,13
6,N MIAMI AV NW 21 ST,13
6,N MIAMI AV NW 20 ST,13
6,N MIAMI AV NW 19 ST,13
6,N MIAMI AV NW 17 ST,13
6,N MIAMI AV NW 13 ST,19
6,N MIAMI AV NW 11 ST,19
6,N MIAMI AV NW 10 ST,19
6,N MIAMI AV NW 8 ST,19
6,N MIAMI AV NW 6 ST,19
6,N MIAMI AV NW 5 ST,20
6,N MIAMI AV NW 4 ST,20
6,N MIAMI AV NW 2 ST,20
6,S MIAMI AV W FLAGLER ST,20
6,S MIAMI AV SW 4 ST,21
6,SW 1 AV SW 7 ST,21
6,BRICKELL STATION SW 1 AV,21
6,SW 2 AV SW 9 ST,21
6,SW 2 AV SW 11 ST,21
6,SW 11 ST SW 3 AV,21
6,SW 15 RD SW 13 ST,21
6,SW 15 RD SW 4 AV,17
6,SW 11 ST SW 5 AV,17
6,SW 11 ST SW 6 AV,17
6,SW 11 ST SW 7 AV,17
6,SW 11 ST SW 8 AV,17
6,SW 8 AV SW 8 ST,17
6,SW 8 AV SW 7 ST,26
6,SW 8 AV SW 6 ST,26
6,SW 8 AV SW 4 ST,26
6,SW 8 AV SW 3 ST,26
6,SW 8 AV SW 1 ST,26
6,W FLAGLER ST NW 8 AV,26
6,W FLAGLER ST NW 9 AV,26
6,W FLAGLER ST NW 10 AV,26
6,W FLAGLER ST NW 12 AV,27
6,W FLAGLER ST NW 13 AV,27
6,W FLAGLER ST NW 15 AV,27
6,W FLAGLER ST NW 16 AV,27
6,FLAGLER ST & 17 AVE,28
6,W FLAGLER ST NW 18 AV,28
6,W FLAGLER ST OP SW 20 AV,28
6,W FLAGLER ST NW 22 AV,28
6,NW 22 AV W FLAGLER ST,28
6,NW 22 AV NW 2 ST,28
6,NW 22 AV NW 4 TE,28
6,NW 22 AV NW 6 ST,28
6,NW 22 AV NW 7 ST,23
6,NW 22 AV NW 9 ST,23
6,NW 22 AV NW 11 ST,23
6,NW 22 AV NW 13 ST,23
6,NW 14 ST NW 22 AV,23
6,NW 14 ST NW 23 AV,23
6,NW 24 AV NW 14 ST,23
6,NW 24 AV NW 16 ST RD,23
6,NW 16 STRD APPROX # 2501,23
6,NW 26 AV NW 14 ST,23
6,NW 14 ST NW 27 AV,22
6,NW 14 ST NW 30 AV,22
6,NW 14 ST NW 31 AV,22
6,NW 14 ST NW 32 CT,22
6,NW 34 AV NW 14 ST,22
6,NW 34 AV NW 13 ST,22
6,NW 34 AV NW 11 ST,22
6,NW 11 ST NW 36 AV,22
6,NW 11 ST NW 37 AV,22
6,NW 37 AV NW 9 ST,31
6,NW 37 AV NW 7 ST,31
6,NW 37 AV NW 4 TE,30
6,NW 37 AV NW 2 ST,30
6,SW 37 AV W FLAGLER ST,31
6,SW 37 AV FONSECA AV,31
6,SW 37 AV MONTILLA AV,30
6,SW 8 ST SW 36 CT,17
6,SW 8 ST SW 35 AV,17
6,SW 8 ST SW 33 AV,17
6,SW 8 ST SW 32 AV,17
6,SW 32 AV OP # 1001,17
6,SW 32 AV SW 13 ST,17
6,SW 32 AV SW 16 ST,17
6,SW 32 AV SW 18 ST,17
6,SW 32 AV SW 19 TE,17
6,SW 32 AV SW 21 TE,17
6,SW 32 AV SW 22 TE,17
6,SW 32 AV SW 24 ST,17
6,SW 32 AV SW 25 TE,17
6,SW 32 AV SW 27 ST,17
6,BIRD AV MCDONALD ST,9
6,COCONUT GROVE STA 2780 S,9
6,COCONUT GROVE STA 2780 SW 27,9
6,COCONUT GROVE STA 2780 SW 27,17
6,SW 27 LA SW 32 AV,17
6,SW 32 AV SW 27 ST,17
6,SW 32 AV SW 25 TE,17
6,SW 32 AV SW 24 ST,17
6,SW 32 AV SW 22 TE,17
6,SW 32 AV SW 21 TE,17
6,SW 32 AV SW 19 TE,17
6,SW 32 AV SW 18 ST,17
6,SW 32 AV SW 16 ST,17
6,SW 32 AV SW 13 ST,17
6,SW 32 AV # 1001,17
6,SW 8 ST SW 32 AV,17
6,SW 8 ST SW 33 AV,30
6,SW 8 ST SW 34 AV,30
6,SW 8 ST SW 36 CT,30
6,SW 37 AV SW 8 ST,30
6,SW 37 AV SW 4 ST,30
6,SW 37 AV W FLAGLER ST,30
6,NW 37 AV NW FLAGLER TE,30
6,NW 37 AV NW 2 TE,30
6,NW 37 AV NW 4 ST,30
6,NW 37 AV NW 7 ST,22
6,NW 37 AV NW 9 ST,22
6,NW 37 AV NW 11 ST,22
6,NW 11 ST NW 37 AV,22
6,NW 11 ST NW 36 AV,22
6,NW 34 AV NW 11 ST,22
6,NW 34 AV NW 13 ST,22
6,NW 14 ST NW 34 AV,22
6,NW 14 ST NW 32 CT,22
6,NW 14 ST NW 31 AV,22
6,NW 14 ST NW 30 AV,22
6,NW 14 ST NW 27 AV,23
6,NW 16 STRD NW 25 AV,23
6,NW 24 AV NW 16 ST RD,23
6,NW 24 AV NW 14 ST,23
6,NW 14 ST NW 23 AV,23
6,NW 14 ST NW 22 AV,23
6,NW 22 AV NW 13 ST,23
6,NW 22 AV NW 11 ST,23
6,NW 22 AV NW 9 ST,23
6,NW 22 AV NW 7 ST,29
6,NW 22 AV NW 5 ST,29
6,NW 22 AV NW 3 ST,29
6,NW 22 AV NW 2 ST,29
6,NW 22 AV W FLAGLER ST,29
6,SW 1 ST SW 21 CT,28
6,SW 1 ST SW 21 AV,28
6,SW 1 ST SW 18 CT,28
6,SW 1 ST SW 18 AV,28
6,SW 1 ST SW 17 AV,27
6,SW 1 ST SW 15 AV,27
6,SW 1 ST SW 14 AV,27
6,SW 1 ST SW 13 AV,27
6,SW 1 ST SW 12 AV,26
6,SW 1 ST SW 11 AV,26
6,SW 1 ST SW 10 AV,26
6,SW 1 ST SW 9 AV,26
6,SW 8 AV SW 1 ST,26
6,SW 8 AV SW 3 ST,26
6,SW 8 AV SW 4 ST,26
6,SW 8 AV SW 6 ST,26
6,SW 8 AV SW 7 ST,26
6,SW 8 AV SW 8 ST,17
6,SW 8 AV SW 11 ST,17
6,SW 11 ST SW 7 AV,17
6,SW 11 ST SW 18 AVRD,17
6,SW 15 RD SW 11 ST,17
6,SW 15 RD SW 13 ST,21
6,SW 3 AV SW 11 ST,21
6,SW 11 ST SW 2 AV,21
6,BRICKELL STA SW 1 AV,21
6,S MIAMI AV SE 7 ST,21
6,SE 1 AV E FLAGLER ST,20
6,NE 1 AV NE 1 ST,20
6,NE 1 AV NE 4 ST,20
6,NE 1 AV NE 6 ST,19
6,NE 1 AV NE 7 ST,19
6,NE 1 AV NE 9 ST,19
6,NE 1 AV NE 10 ST,19
6,NE 1 AV NE 13 ST,19
6,NE 1 AV NE 14 ST,19
6,NE 1 AV NE 16 ST,13
6,NE 17 ST NE MIAMI CT,13
6,NE 17 ST N MIAMI AV,13
6,N MIAMI AV NE 17 TE,13
6,N MIAMI AV NE 20 ST,13
6,N MIAMI AV NE 22 ST,13
6,N MIAMI AV NE 24 ST,13
6,N MIAMI AV NE 26 ST,13
6,NW 29 ST N MIAMI AV,13
6,NW 18 AV NW 29 ST,13
7,DOLPHIN MALL NW 112 AV,14
7,NW 17 ST NW 112 AV,14
7,NW 14 ST NW 110 AV,14
7,NW 107 AV NW 14 ST,14
7,FOUNTAINEBLEAU BD NW 107 AV,14
7,FOUNTAINEBLEAU BD NW 9 ST CR,14
7,FOUNTAINEBLEAU BD NW 99 CT,37
7,FOUNTAINEBLEAU BD # 9740,37
7,FOUNTAINEBLEAU BD NW 97 AV,36
7,FOUNTAINEBLEAU BD 9460,36
7,FOUNTAINEBLEAU BD OP # 9361,14
7,FOUNTAINEBLEAU BD # 9350,14
7,FOUNTAINEBLEAU BD # 9140,14
7,FOUNTAINEBLEAU BD #9110,36
7,FOUNTAINEBLEAU BD # 8860,36
7,PARK BD FOUNTAINEBLEAU BD,14
7,NW 87 AV PARK BD,14
7,NW 87 AV NW 7 ST,35
7,NW 7 ST OP # 8533,35
7,NW 7 ST OP # 8370,35
7,NW 7 ST NW 82 AV,35
7,NW 7 ST # 8000,34
7,NW 79 AV # 600,34
7,MALL OF AMERICAS NW 79 A,34
7,MALL OF AMERICAS NW 79 AV,34
7,NW 79 AV NW 2 ST,34
7,W FLAGLER ST SW 78 PL,34
7,W FLAGLER ST SW 78 AV,34
7,W FLAGLER ST SW 76 CT,34
7,W FLAGLER ST # 7400,34
7,W FLAGLER ST GRAND CANAL DR,34
7,W FLAGLER ST SW 72 AV,34
7,W FLAGLER ST SW 71 AV,34
7,W FLAGLER ST SW 69 AV,33
7,W FLAGLER ST SW 67 CT,33
7,W FLAGLER ST SW 67 AV,34
7,W FLAGLER ST SW 66 AV,33
7,W FLAGLER ST SW 64 CT,33
7,W FLAGLER ST SW 63 CT,33
7,NW 62 AV W FLAGLER ST,33
7,NW 62 AV NW 2 ST,33
7,NW 62 AV NW 3 ST,33
7,NW 62 AV NW 5 ST,33
7,NW 7 ST NW 58 CT,33
7,NW 7 ST NW 57 CT,33
7,NW 7 ST NW 57 AV,32
7,NW 7 ST OP # 5601,32
7,NW 7 ST OP # 5375,32
7,NW 7 ST NW 53 AV,32
7,NW 7 ST # 5180,32
7,NW 7 ST NW 51 AV,32
7,NW 7 ST # 5040,32
7,NW 7 ST OP # 4855,32
7,NW 7 ST NW 47 AV,31
7,NW 7 ST NW 45 AV,31
7,NW 7 ST NW 43 CT,31
7,NW 7 ST NW 43 AV,31
7,MIAMI INTERNATIONAL AIRPORT,25
7,NW 7 ST NW 42 AV,31
7,NW 7 ST NW 39 AV,31
7,NW 7 ST NW 38 CT,31
7,NW 7 ST NW 37 AV,31
7,NW 7 ST NW 36 CT,30
7,NW 7 ST NW 35 AV,30
7,NW 7 ST NW 34 AV,30
7,NW 7 ST NW 32 PL,30
7,NW 7 ST NW 32 AV,30
7,NW 7 ST NW 30 AV,30
7,NW 7 ST NW 29 AV,30
7,NW 7 ST NW 27 AV,29
7,NW 7 ST NW 25 AV,23
7,NW 7 ST NW 24 AV,23
7,NW 7 ST NW 22 AV,29
7,NW 7 ST NW 21 AV,28
7,NW 7 ST NW 20 AV,23
7,NW 7 ST NW 19 AV,28
7,NW 7 ST NW 18 AV,28
7,NW 7 ST NW 17 CT,28
7,NW 7 ST NW 17 AV,27
7,NW 7 ST NW 15 AV,27
7,NW 7 ST NW 14 AV,23
7,NW 7 ST NW 13 AV,23
7,NW 7 ST NW 12 AV,26
7,NW 7 ST NW 10 AV,26
7,NW 10 AV NW 5 ST,26
7,NW 10 AV NW 4 ST,26
7,NW 4 ST NW 9 AV,26
7,NW 4 ST NW 8 AV,26
7,NW 5 ST NW 7 AV,26
7,NW 5 ST NW 6 AV,26
7,NW 5 ST NW 4 AV,26
7,NW 5 ST NW 3 AV,20
7,SW 1 ST SW 1 CT,20
7,NE 1 AV NE 1 ST,20
7,NE 1 AV NE 4 ST,20
7,NE 1 AV NE 4 ST,20
7,NE 6 ST NE 1 AV,19
7,NW 6 ST N MIAMI AV,19
7,NW 6 ST NW 2 AV,19
7,NW 6 ST NW 4 AV,13
7,NW 6 ST NW 5 AV,13
7,NW 6 ST NW 6 AV,13
7,NW 6 ST NW 7 AV,13
7,NW 4 ST NW 9 AV,26
7,NW 4 ST NW 10 AV,26
7,NW 10 AV NW 5 ST,26
7,NW 7 ST NW 10 AV,26
7,NW 7 ST NW 12 AV,23
7,NW 7 ST NW 13 AV,23
7,NW 7 ST NW 14 AV,23
7,NW 7 ST NW 15 AV,23
7,NW 7 ST NW 17 AV,23
7,NW 7 ST NW 18 PL,23
7,NW 7 ST NW 19 CT,23
7,NW 7 ST NW 21 AV,23
7,NW 7 ST NW 22 AV,23
7,NW 7 ST NW 23 AV,23
7,NW 7 ST NW 24 AV,23
7,NW 7 ST NW 25 AV,23
7,NW 7 ST NW 27 AV,23
7,NW 7 ST NW 29 AV,22
7,NW 7 ST NW 30 AV,22
7,NW 7 ST NW 30 PL,22
7,NW 7 ST NW 32 PL,22
7,NW 7 ST NW 34 AV,22
7,NW 7 ST NW 35 CT,22
7,NW 7 ST NW 36 AV,22
7,NW 7 ST NW 37 AV,31
7,NW 7 ST NW 38 CT,31
7,NW 7 ST NW 39 AV,31
7,NW 7 ST NW 40 AV,31
7,NW 7 ST NW 42 AV,25
7,MIAMI INTERNATIONAL AIRP,25
7,MIAMI INTERNATIONAL AIRPORT,25
7,NW 7 ST NW 43 CT,25
7,NW 7 ST NW 45 AV,25
7,NW 7 ST NW 47 AV,25
7,NW 7 ST # 4845,25
7,NW 7 ST NW 51 AV,25
7,NW 7 ST # 5199,25
7,NW 7 ST NW 53 AV,25
7,NW 7 ST # 5505,25
7,NW 7 ST NW 57 AV,25
7,NW 7 ST NW 58 AV,33
7,NW 7 ST NW 58 CT,33
7,NW 62 AV NW 5 ST,33
7,NW 62 AV NW 3 ST,33
7,NW 62 AV NW 2 ST,33
7,NW 62 AV W FLAGLER ST,33
7,W FLAGLER ST NW 62 CT,33
7,W FLAGLER ST NW 64 AV,33
7,W FLAGLER ST NW 65 AV,33
7,W FLAGLER ST NW 67 CT,33
7,W FLAGLER ST NW 69 AV,33
7,W FLAGLER ST # 7167,33
7,W FLAGLER ST NW 72 AV,34
7,W FLAGLER ST NW 73 CT,34
7,W FLAGLER ST NW 74 AV,34
7,W FLAGLER ST NW 76 AV,34
7,NW 79 AV W FLAGLER ST,34
7,NW 79 AV NW 2 ST,34
7,MALL OF AMERICAS NW 79 AV,34
7,NW 7 ST # 8045,34
7,NW 7 ST # 8125,34
7,NW 7 ST NW 82 AV,35
7,NW 7 ST # 8341,35
7,NW 7 ST # 8531,35
7,NW 87 AV NW 7 ST,35
7,PARK BD NW 87 AV,14
7,PARK BD FOUNTAINEBLEAU BD,14
7,FOUNTAINEBLEAU BD # 8801,36
7,FOUNTAINEBLEAU BD OP # 9110,14
7,FOUNTAINEBLEAU BD OP # 9140,14
7,FOUNTAINEBLEAU BD # 9361,14
7,FOUNTAINEBLEAU BD # 9401,14
7,FOUNTAINEBLEAU BD NW 97 AV,14
7,FOUNTAINEBLEAU BD # 9725,14
7,FOUNTAINEBLEAU BD NW 99 CT,37
7,FOUNTAINEBLEAU BD NW 9 STCR,14
7,FOUNTAINEBLEAU BD NW 106 AV,14
7,FOUNTAINEBLEAU BD NW 107 AVE,14
7,NW 107 AV NW 12 ST,14
7,NW 107 AV NW 14 ST,14
7,DOLPHIN MALL NW 112 AV,14
71,DOLPHIN MALL NW 112 AV,14
71,NW 17 ST NW 112 AV,14
71,NW 14 ST NW 110 AV,14
71,NW 107 AV NW 15 ST,14
71,NW 107 AV NW 14 ST,14
71,NW 7 ST NW 107 AVE,39
71,NW 7 ST NW 108 BLK,39
71,NW 7 ST NW 109 AV,39
71,NW 7 ST NW 111 PL,38
71,NW 112 AV NW 6 TE,38
71,NW 112 AV NW 5 ST,38
71,NW 112 AV NW 3 TE,39
71,NW 112 AV NW 3 ST,39
71,NW 112 AV NW 1 ST,38
71,SW 112 AV SW 2 ST,38
71,SW 4 ST SW 112 AV,38
71,SW 4 ST SW 110 AV,38
71,SW 4 ST SW 109 AV,38
71,SW 4 ST SW 108 AV,38
71,SW 4 ST SW 107 AV,38
71,SW 107 AV SW 5 ST,38
71,SW 107 AV SW 7 ST,38
71,SW 107 AV SW 11 ST,16
71,SW 107 AV SW 14 ST,16
71,FIU UNIV CAMPUS SW 107 AV-17,16
71,SW 107 AV 1700 BLK,16
71,SW 107 AV SW 20 ST,16
71,SW 107 AV SW 24 ST,16
71,SW 107 AV SW 26 ST,16
71,SW 107 AV SW 29 ST,16
71,SW 107 AV SW 30 ST,16
71,SW 32 ST SW 107 AV,16
71,SW 32 ST SW 109 AV,16
71,SW 112 AV SW 32 ST,16
71,SW 112 AV SW 36 ST,16
71,SW 112 AV SW 38 ST,16
71,SW 112 AV SW 40 ST,16
71,SW 112 AV SW 41 TE,16
71,SW 112 AV SW 43 TE,16
71,SW 112 AV SW 44 ST,16
71,SW 112 AV SW 47 TE,16
71,SW 112 AV SW 50 ST,16
71,SW 112 AV SW 53 ST,16
71,SW 112 AV SW 56 ST,16
71,SW 112 AV SW 57 TE,16
71,SW 112 AV SW 60 ST,16
71,SW 112 AV SW 61 TE,16
71,SW 112 AV SW 64 ST,16
71,SNAPPER CREEK DR OP # 11031,16
71,SNAPPER CREEK DR SW 109 CT,16
71,SNAPPER CREEK DR SW 108 AV,16
71,SNAPPER CREEK DR SW 107 AV,16
71,SW 107 AV SW 72 ST,16
71,SW 107 AV SW 76 ST,16
71,SW 107 AV SW 79 ST,16
71,SW 107 AV SW 80 ST,16
71,SW 107 AV SW 84 ST,16
71,SW 107 AV SW 88 ST,16
71,SW 107 AV OP # 9045,16
71,SW 107 AV SW 93 ST,16
71,SW 107 AV SW 96 ST,16
71,SW 107 AV KENDALE BD,16
71,SW 107 AV SW 104 ST,16
71,SW 104 ST SW 108 AV,16
71,SW 104 ST SW 109 CT,16
71,SW 107 ST SW 109 CT,16
71,MDCC-S SW 109 CT ENTRANC,16
71,MDCC-S SW 109 CT ENTRANCE,16
71,MDCC-S SW 109 CT ENTRANCE,16
71,SW 107 ST SW 109 CT,16
71,SW 104 ST SW 109 CT,16
71,SW 107 AV KENDALE BD,16
71,SW 107 AV SW 96 ST,16
71,SW 107 AV SW 93 ST,16
71,SW 107 AV # 9045,16
71,SW 107 AV SW 88 ST,16
71,SW 107 AV SW 84 ST,16
71,SW 107 AV SW 80 ST,16
71,SW 107 AV SW 79 ST,16
71,SW 107 AV SW 76 ST,16
71,SW 107 AV SW 72 ST,16
71,SNAPPER CREEK DR SW 107 AV,16
71,SNAPPER CREEK DR SW 109 CT,16
71,SNAPPER CREEK DR # 11031,16
71,SW 112 AV SW 64 ST,16
71,SW 112 AV SW 61 TE,16
71,SW 112 AV SW 60 ST,16
71,SW 112 AV SW 57 TE,16
71,SW 112 AV SW 56 ST,16
71,SW 112 AV SW 53 ST,16
71,SW 112 AV SW 50 TE,16
71,SW 112 AV SW 47 TE,16
71,SW 112 AV SW 46 ST,16
71,SW 112 AV SW 43 TE,16
71,SW 112 AV SW 41 TE,16
71,SW 112 AV SW 40 ST,16
71,SW 112 AV SW 36 ST,16
71,SW 112 AV SW 33 ST,16
71,SW 32 ST SW 109 AV,16
71,SW 32 ST SW 107 AV,16
71,SW 107 AV SW 30 ST,16
71,SW 107 AV SW 28 ST,16
71,SW 107 AV SW 26 TER,16
71,SW 107 AV SW 24 ST,16
71,SW 107 AV # 2150,16
71,FIU UNIV CAMPUS SW 107 AV-17,16
71,SW 107 AV #1431,16
71,SW 107 AV # 1225,16
71,SW 107 AV # 917,16
71,SW 107 AV SW 6 ST,37
71,SW 4 ST SW 107 AV,38
71,SW 4 ST SW 109 AV,38
71,SW 4 ST SW 110 AV,38
71,SW 4 ST SW 112 AV,38
71,SW 112 AV SW 2 ST,38
71,NW 112 AV NW 1 ST,38
71,DOLPHIN MALL NW 112 AV,14
87,DADELAND NORTH STA BUS STOP,9
87,SW 88 ST SW 72 CT,17
87,SW 88 ST DADELAND BD,17
87,SW 88 ST 7500 BLOCK,17
87,SW 88 ST SW 77 AV,7
87,SW 79 AV SW 88 ST,7
87,SW 79 AV SW 86 ST,7
87,KINGS CREEK DR # 7915,7
87,KINGS CREEK DR CAMINO REAL,7
87,KINGS CREEK DR SW 81 PL,7
87,KINGS CREEK DR APPROX # 8251,7
87,KINGS CREEK DR SW 84 AV,7
87,KINGS CREEK DR SW 87 AV,7
87,SW 87 AV SNAPPER CREEK EX,7
87,SW 87 AV SW 76 ST,7
87,SW 87 AV SW 72 ST,7
87,SW 87 AV SW 70 ST,7
87,SW 87 AV SW 68 ST,7
87,SW 87 AV SW 64 ST,16
87,SW 87 AV OP # 6000,16
87,SW 87 AV SW 56 ST,16
87,SW 87 AV SW 54 ST,16
87,SW 87 AV SW 52 ST,16
87,SW 87 AV SW 50 ST,16
87,SW 87 AV SW 48 ST,16
87,SW 87 AV SW 45 ST,16
87,SW 87 AV SW 43 ST,16
87,SW 87 AV SW 41 ST,16
87,SW 87 AV SW 40 ST,16
87,SW 87 AV SW 38 ST,16
87,SW 87 AV SW 36 ST,16
87,SW 87 AV SW 33 TE,16
87,SW 87 AV SW 32 ST,16
87,SW 87 AV SW 28 ST,16
87,SW 87 AV SW 27 TE,16
87,SW 87 AV SW 25 ST,16
87,SW 87 AV SW 24 ST,16
87,SW 87 AV SW 20 TE,16
87,SW 87 AV # 1831,16
87,SW 87 AV SW 16 ST,16
87,SW 87 AV SW 14 ST,16
87,SW 87 AV SW 12 ST,16
87,SW 87 AV SW 10 ST,16
87,SW 87 AV SW 8 ST,16
87,SW 87 AV SW 5 ST,35
87,SW 87 AV SW 4 ST,35
87,SW 87 AV SW 2 ST,35
87,W FLAGLER ST SW 87 AV,35
87,W FLAGLER ST SW 84 AV,35
87,W FLAGLER ST SW 82 AV,35
87,NW 79 AV W FLAGLER ST,34
87,NW 79 AV NW 2 ST,34
87,MALL OF AMERICAS NW 79 AV,34
87,NW 7 ST # 8045,34
87,NW 7 ST # 8125,35
87,NW 7 ST NW 82 AV,35
87,NW 7 ST # 8341,35
87,NW 7 ST # 8531,35
87,NW 87 AV NW 8 ST,35
87,NW 87 AV NW 17 ST,14
87,NW 87 AV NW 25 ST,14
87,NW 87 AV NW 29 ST,14
87,NW 87 AV # 3271,14
87,NW 87 AV NW 33 ST,14
87,NW 87 AV # 3737,14
87,NW 87 AV NW 41 ST,14
87,NW 87 AV NW 52 ST,14
87,NW 53 ST NW 87 AV,14
87,PALMETTO STATION NW 77 S,14
87,PALMETTO STATION NW 77 ST-79,14
87,NW 79 PL NW 77 ST,14
87,NW 74 ST NW 82 PL,14
87,NW 84 AV NW 74 ST,14
87,NW 84 AV NW 68 ST,14
87,NW 84 AV NW 64 ST,14
87,NW 84 AV NW 58 ST,14
87,NW 56 ST # 7972,14
87,NW 79 AV NW 56 ST,14
87,NW 79 AV NW 53 ST,14
87,NW 53 ST # 8125,14
87,NW 53 ST # 8325,14
87,NW 53 ST NW 84 AV,14
87,NW 53 ST NW 87 AV,14
87,NW 87 AV NW 53 ST,14
87,NW 87 AV NW 41 ST,14
87,NW 87 AV NW 36 ST,14
87,NW 87 AV OP # 3655,14
87,NW 87 AV NW 33 ST,14
87,NW 87 AV NW 30 TE,14
87,NW 87 AV NW 29 ST,14
87,NW 87 AV NW 25 ST,14
87,NW 87 AV NW 21 TE,14
87,NW 87 AV NW 12 ST,14
87,NW 87 AV NW 8 ST,35
87,NW 7 ST OP # 8533,35
87,NW 7 ST OP # 8370,35
87,NW 7 ST NW 82 AV,35
87,NW 7 ST # 8000,34
87,NW 79 AV # 600,34
87,MALL OF AMERICAS NW 79 AV,34
87,NW 79 AV NW 2 ST,34
87,W FLAGLER ST NW 79 AV,34
87,W FLAGLER ST NW 82 AV,35
87,W FLAGLER ST NW 84 AV,35
87,SW 87 AV W FLAGLER ST,36
87,SW 87 AV SW 2 ST,36
87,SW 87 AV SW 4 ST,36
87,SW 87 AV SW 5 ST,36
87,SW 87 AV SW 8 ST,16
87,SW 87 AV SW 10 ST,16
87,SW 87 AV SW 12 ST,16
87,SW 87 AV SW 14 ST,16
87,SW 87 AV SW 16 ST,16
87,SW 87 AV SW 19 TE,16
87,SW 87 AV SW 20 TE,16
87,SW 87 AV SW 21 TE,16
87,SW 87 AV SW 25 ST,16
87,SW 87 AV SW 27 ST,16
87,SW 87 AV SW 30 ST,16
87,SW 87 AV SW 32 ST,16
87,SW 87 AV SW 34 ST,16
87,SW 87 AV SW 36 ST,16
87,SW 87 AV SW 38 ST,16
87,SW 87 AV SW 40 ST,16
87,SW 87 AV SW 41 ST,16
87,SW 87 AV SW 42 TE,16
87,SW 87 AV SW 43 TE,16
87,SW 87 AV SW 45 ST,16
87,SW 87 AV SW 48 ST,16
87,SW 87 AV SW 50 ST,16
87,SW 87 AV SW 53 ST,16
87,SW 87 AV SW 54 ST,16
87,SW 87 AV SW 56 ST,16
87,SW 87 AV # 6000,16
87,SW 87 AV SW 64 ST,16
87,SW 87 AV SW 70 ST,16
87,SW 87 AV SW 72 ST,7
87,SW 87 AV SW 76 ST,7
87,SW 87 AV SNAPPER CREEK EX,7
87,KINGS CREEK DR SW 87 AV,7
87,KINGS CREEK DR SW 84 AV,7
87,KINGS CREEK DR SW 82 PL,7
87,KINGS CREEK DR SW 81 PL,7
87,KINGS CREEK DR # 8002,7
87,KINGS CREEK DR CAMINO CR,7
87,SW 79 AV SW 86 ST,7
87,SW 79 AV SW 88 ST,7
87,SW 88 ST SW 77 AV,7
87,SW 88 ST 7500 BLOCK,17
87,SW 88 ST DADELAND BD,17
87,DADELAND CR SW 72 CT,17
87,DADELAND NORTH STA BUS S,17
87,DADELAND NORTH STA BUS STOP,17
2,NE 15 AV NE 165 ST,10
2,NE 163 ST NE 13 AV,10
2,NE 12 AV NE 165 ST,10
2,NE 12 AV NE 167 ST,10
2,NE 167 ST NE 12 AV,10
2,NE 167 ST NE 9 AV,10
2,NE 167 ST NE 8 AV,10
2,NE 167 ST NE 7 AV,10
2,NE 167 ST NE 6 AV,10
2,NE 167 ST NE 4 AV,10
2,NE 167 ST NE 2 AV,10
2,N MIAMI AV NW 167 ST,10
2,N MIAMI AV NW 164 ST,10
2,N MIAMI AV NW 162 ST,10
2,N MIAMI AV NW 160 ST,10
2,N MIAMI AV NW 158 ST,10
2,N MIAMI AV NW 156 ST,10
2,N MIAMI AV NW 154 ST,10
2,N MIAMI AV NW 151 ST,10
2,N MIAMI AV NW 148 ST,10
2,N MIAMI AV NW 146 ST,10
2,N MIAMI AV NW 143 ST,10
2,N MIAMI AV NW 139 ST,10
2,N MIAMI AV NW 135 ST,10
2,N MIAMI AV NW 131 ST,10
2,N MIAMI AV NW 128 ST,10
2,N MIAMI AV NW 125 ST,10
2,N MIAMI AV NW 123 TE,10
2,N MIAMI AV NW 121 ST,10
2,N MIAMI AV NW 119 ST,10
2,N MIAMI AV NW 117 ST,10
2,N MIAMI AV NW 115 ST,10
2,N MIAMI AV NW 111 ST,10
2,N MIAMI AV NW 109 ST,10
2,N MIAMI AV NW 106 ST,10
2,N MIAMI AV NW 103 ST,10
2,N MIAMI AV NW 100 ST,10
2,N MIAMI AV NW 98 ST,10
2,N MIAMI AV NW 95 ST,10
2,NW 2 AV NW 95 ST,10
2,NW 2 AV NW 93 ST,10
2,NW 2 AV NW 91 ST,10
2,NW 91 ST NW 1 AV,10
2,NW 91 ST N MIAMI AV,10
2,N MIAMI AV NW 89 ST,10
2,NE 84 ST NE 2 AV,10
2,N MIAMI AV NW 87 ST,10
2,N MIAMI AV NW 83 ST,10
2,N MIAMI AV NW 82 ST,10
2,N MIAMI AV NW 79 ST,10
2,NW 79 ST NW 1 AV,10
2,NW 2 AV NW 79 ST,10
2,NW 2 AV NW 77 ST,10
2,NW 2 AV NW 75 ST,10
2,NW 2 AV NW 73 ST,10
2,NW 2 AV NW 71 ST,10
2,NW 2 AV NW 69 ST,10
2,NW 2 AV NW 67 ST,10
2,NW 2 AV NW 64 ST,10
2,NW 2 AV NW 62 ST,10
2,NW 2 AV NW 6O ST,10
2,NW 2 AV NW 58 ST,10
2,NW 2 AV NW 56 ST,10
2,NW 2 AV NW 54 ST,10
2,NW 2 AV NW 53 ST,10
2,NW 2 AV NW 51 ST,10
2,NW 2 AV NW 49 ST,10
2,NW 2 AV NW 48 ST,10
2,NW 2 AV NW 46 ST,10
2,NW 2 AV NW 44 ST,10
2,NW 2 AV NW 41 ST,10
2,NW 2 AV NW 39 ST,10
2,NW 2 AV NW 37 ST,13
2,NW 2 AV NW 35 ST,13
2,NW 2 AV NW 34 ST,13
2,NW 2 AV NW 32 ST,13
2,NW 2 AV NW 29 ST,13
2,NW 2 AV NW 27 ST,13
2,NW 2 AV NW 25 ST,13
2,NW 2 AV NW 22 LN,13
2,NW 2 AV NW 22 ST,13
2,NW 2 AV NW 20 TE,13
2,NW 20 ST NW 2 AV,13
2,NW 3 AV NW 20 ST,13
2,NW 3 AV NW 19 ST,13
2,NW 3 AV NW 17 ST,13
2,NW 3 AV NW 15 ST,13
2,NW 14 ST NW 2 AV,19
2,NW 1 PL NW 13 ST,19
2,NW 1 PL NW 12 ST,19
2,NW 2 AV NW 10 ST,19
2,NW 2 AV NW 7 ST,19
2,NW 2 AV NW 5 ST,20
2,NW 2 AV NW 4 ST,20
2,NW 2 AV NW 2 ST,20
2,SW 1 ST SW 1 CT,20
2,NE 1 AV NE 4 ST,20
2,NE 1 AV NE 4 ST,20
2,NE 6 ST NE 1 AV,19
2,NW 6 ST N MIAMI AV,19
2,OVERTOWN STA 550 NW 1 AV,19
2,NW 2 AV NW 6 ST,19
2,NW 2 AV NW 8 ST,19
2,NW 2 AV NW 10 ST,19
2,NW 1 PL NW 11 TE,19
2,NW 1 PL NW 13 ST,19
2,NW 14 ST NW 2 AV,13
2,NW 3 AV NW 15 ST,13
2,NW 3 AV NW 17 ST,13
2,NW 3 AV NW 19 ST,13
2,NW 20 ST NW 3 AV,13
2,NW 2 AV NW 20 ST,13
2,NW 2 AV NW 22 ST,13
2,NW 2 AV NW 24 ST,13
2,NW 2 AV NW 25 ST,13
2,NW 2 AV NW 27 ST,13
2,NW 2 AV NW 29 ST,13
2,NW 2 AV NW 32 ST,13
2,NW 2 AV NW 34 ST,13
2,NW 2 AV NW 35 ST,13
2,NW 2 AV NW 37 ST,13
2,NW 2 AV NW 39 ST,10
2,NW 2 AV NW 41 ST,10
2,NW 2 AV NW 44 ST,10
2,NW 2 AV NW 46 ST,10
2,NW 2 AV NW 47 TE,10
2,NW 2 AV NW 49 ST,10
2,NW 2 AV NW 51 ST,10
2,NW 2 AV NW 52 ST,10
2,NW 2 AV NW 54 ST,10
2,NW 2 AV NW 56 ST,10
2,NW 2 AV NW 58 ST,10
2,NW 2 AV NW 60 ST,10
2,NW 2 AV NW 64 ST,10
2,NW 2 AV NW 67 ST,10
2,NW 2 AV NW 69 ST,10
2,NW 2 AV NW 71 ST,10
2,NW 2 AV NW 72 ST,10
2,NW 2 AV NW 75 ST,10
2,NW 2 AV NW 77 ST,10
2,NW 2 AV NW 79 ST,10
2,N MIAMI AV NE 79 ST,10
2,N MIAMI AV NE 82 ST,10
2,N MIAMI AV NE 82 TE,10
2,NE 84 ST N MIAMI CT,10
2,NE 84 ST NE 2 AV,10
2,N MIAMI AV NE 88 ST,10
2,NW 91 ST N MIAMI AV,10
2,NW 91 ST NW 1 AV,10
2,NW 2 AV NW 91 ST,10
2,NW 2 AV NW 93 ST,10
2,NW 2 AV NW 95 ST,10
2,N MIAMI AV NE 96 ST,10
2,N MIAMI AV NE 98 ST,10
2,N MIAMI AV NE 100 ST,10
2,N MIAMI AV NE 103 ST,10
2,N MIAMI AV NE 106 ST,10
2,N MIAMI AV NE 109 ST,10
2,N MIAMI AV NE 111 ST,10
2,N MIAMI AV NE 115 ST,10
2,N MIAMI AV NE 117 ST,10
2,N MIAMI AV NE 119 ST,10
2,N MIAMI AV NE 121 ST,10
2,N MIAMI AV NE 125 ST,10
2,N MIAMI AV NE 127 TE,10
2,N MIAMI AV NE 131 ST,10
2,N MIAMI AV NE 135 ST,10
2,N MIAMI AV NE 139 ST,10
2,N MIAMI AV NE 143 ST,10
2,N MIAMI AV S BISCAYNE RIVER,10
2,N MIAMI AV NE 148 ST,10
2,N MIAMI AV NE 151 ST,10
2,N MIAMI AV NE 154 ST,10
2,N MIAMI AV NE 156 ST,10
2,N MIAMI AV NE 158 ST,10
2,N MIAMI AV NE 160 ST,10
2,N MIAMI AV NE 162 ST,10
2,N MIAMI AV NE 164 ST,10
2,NE 167 ST N MIAMI AV,10
2,NE 167 ST NE 2 AV,10
2,NE 167 ST NE 4 AV,10
2,NE 167 ST NE 6 AV,10
2,NE 167 ST NE 10 AV,10
2,NE 167 ST NE 13 AV,10
2,NE 167 ST NE 15 AV,10
2,NE 15 AV NE 165 ST,10
207,NW 1 AV NW 2 ST,20
207,NW 1 ST NW 1 AV,20
207,SW 2 ST SW 2 AV,21
207,SW 2 AV SW 3 ST,21
207,BRICKELL STATION SW 1 AV,21
207,SW 7 ST SW 2 AV,21
207,SW 7 ST SW 4 AV,26
207,SW 7 ST SW 5 AV,26
207,SW 7 ST SW 7 AV,26
207,SW 7 ST SW 8 AV,26
207,SW 7 ST SW 9 AV,26
207,SW 7 ST SW 10 AV,26
207,SW 7 ST SW 12 AV,26
207,SW 7 ST SW 14 AV,27
207,SW 7 ST SW 16 AV,27
207,SW 7 ST SW 17 AV,27
207,SW 7 ST SW 19 AV,28
207,SW 7 ST SW 21 AV,28
207,SW 7 ST SW 22 AV,29
207,SW 7 ST SW 25 AV,29
207,BEACOM BD SW 6 ST,29
207,BEACOM BD SW 4 ST,29
207,BEACOM BD SW 2 ST,29
207,SW 1 ST SW 21 CT,28
207,SW 1 ST SW 21 AV,28
207,SW 1 ST SW 18 CT,28
207,SW 1 ST SW 18 AV,28
207,SW 1 ST SW 17 AV,27
207,SW 1 ST SW 15 AV,27
207,SW 1 ST SW 14 AV,27
207,SW 1 ST SW 13 AV,27
207,SW 1 ST SW 12 AV,26
207,SW 1 ST SW 11 AV,26
207,SW 1 ST SW 10 AV,26
207,SW 1 ST SW 9 AV,26
207,SW 1 ST SW 8 AV,26
207,SW 1 ST SW 6 AV,26
207,SW 1 ST SW 5 AV,26
207,NW 2 AV NW 2 ST,20
207,NW 3 ST NW 2 AV,20
208,NW 1 AV NW 2 ST,20
208,NW 1 ST NW 1 AV,20
208,W FLAGLER ST NW 6 AV,26
208,W FLAGLER ST NW 7 AV,26
208,W FLAGLER ST NW 8 AV,26
208,W FLAGLER ST NW 9 AV,26
208,W FLAGLER ST NW 10 AV,26
208,W FLAGLER ST NW 12 AV,27
208,W FLAGLER ST NW 13 AV,27
208,W FLAGLER ST NW 15 AV,27
208,W FLAGLER ST NW 16 AV,27
208,FLAGLER ST & 17 AVE,28
208,W FLAGLER ST NW 18 AV,28
208,BEACOM BD SW 1 ST,29
208,BEACOM BD SW 2 TE,29
208,BEACOM BD SW 4 ST,29
208,BEACOM BD SW 7 ST,29
208,SW 8 ST & 27 AVE,29
208,SW 8 ST SW 25 AV,29
208,SW 8 ST SW 24 AV,17
208,SW 8 ST SW 23 AV,17
208,SW 8 ST SW 22 AV,17
208,SW 8 ST SW 20 AV,17
208,SW 8 ST SW 19 AV,17
208,SW 8 ST SW 18 AV,17
208,SW 8 ST SW 17 AV,17
208,SW 8 ST SW 15 AV,17
208,SW 8 ST SW 13 CT,17
208,SW 8 ST SW 12 CT,17
208,SW 8 ST SW 12 AV,17
208,BRICKELL STATION SW 1 AV,21
208,SW 8 ST SW 10 AV,17
208,SW 8 ST SW 9 AV,17
208,SW 8 ST SW 7 AV,26
208,SW 8 ST SW 5 AV,17
208,SW 2 AV SW 3 ST,21
208,NW 2 AV NW 2 ST,20
208,NW 3 ST NW 2 AV,20
137,DOLPHIN MALL NW 112 AV,14
137,NW 17 ST NW 112 AV,14
137,NW 14 ST NW 110 AV,14
137,NW 107 AV NW 14 ST,14
137,NW 107 AV NW 7 ST,38
137,NW 107 AV # 322,38
137,NW 107 AV # 230,38
137,W FLAGLER ST NW 107 AV,38
137,W FLAGLER ST NW 108 CT,38
137,W FLAGLER ST NW 109 AV,38
137,W FLAGLER ST NW 112 AV,39
137,W FLAGLER ST # 11303,39
137,W FLAGLER ST # 11495,39
137,NW 118 AV NW 2 ST,39
137,NW 6 ST NW 122 AV,39
137,NW 6 ST NW 124 AV,39
137,NW 6 ST NW 127 AV,39
137,NW 6 ST NW 128 PL,40
137,NW 6 ST NW 130 AV,40
137,NW 132 AV NW 6 ST,40
137,NW 132 AV NW 2 ST,40
137,SW 132 AV SW 2 ST,40
137,SW 8 ST & 132 AVE,40
137,SW 137 AV SW 8 ST,15
137,SW 137 AV SW 11 ST,15
137,SW 137 AV SW 14 ST,15
137,SW 137 AV SW 18 ST,15
137,SW 137 AV SW 22 ST,15
137,SW 137 AV SW 26 ST,15
137,SW 137 AV SW 30 ST,15
137,SW 137 AV SW 34 ST,15
137,SW 137 AV SW 38 ST,15
137,SW 137 AV SW 42 ST,15
137,SW 137 AV SW 47 ST,15
137,SW 137 AV SW 53 ST,15
137,SW 137 AV SW 56 ST,15
137,SW 137 AV SW 59 ST,15
137,SW 137 AV SW 62 ST,15
137,SW 137 AV # 6400,15
137,SW 137 AV SW 66 ST,15
137,SW 137 AV SW 68 ST,15
137,SW 137 AV SW 72 ST,15
137,SW 137 AV SW 74 ST,15
137,SW 137 AV SW 76 ST,15
137,SW 137 AV SW 79 ST,15
137,SW 137 AV KENDALE LAKES BD,15
137,SW 137 AV SW 84 ST,15
137,SW 137 AV SW 88 ST,15
137,SW 137 AV SW 90 ST,15
137,SW 137 AV 9300 BLOCK,15
137,SW 137 AV SW 96 ST,15
137,SW 137 AV SW 104 ST,15
137,SW 137 AV SW 109 ST,15
137,SW 112 ST SW 137 AV,15
137,SW 137 AV SW 120 ST,15
137,SW 137 AV SW 124 ST,6
137,SW 137 AV SW 128 ST,6
137,SW 137 AV OP#13205,6
137,SW 137 AV SW 136 ST,6
137,SW 137 AV COUNTRY WALK DR,6
137,SW 137 AV SW 152 ST,6
137,SW 137 AV 15300 BLOCK,6
137,SW 137 AV SW 160 ST,6
137,SW 160 ST SW 139 AV,6
137,SW 142 AV SW 161 ST,6
137,SW 142 AV SW 163 TE,6
137,SW 142 AV SW 166 TE,6
137,SW 168 ST SW 142 CT,6
137,SW 168 ST SW 144 CT,6
137,SW 168 ST SW 147 AV,6
137,SW 147 AV SW 171 TE,6
137,SW 147 AV SW 173 ST,6
137,SW 147 AV SW 176 TE,6
137,SW 147 AV SW 178 TE,6
137,SW 147 AV SW 180 ST,6
137,SW 180 ST SW 143 CT,6
137,SW 180 ST SW 137 PL,6
137,SW 137 AV SW 184 ST,6
137,SW 184 ST SW 136 AV,6
137,SW 184 ST SW 134 AV,6
137,SW 184 ST SW 129 AV,6
137,SW 184 ST SW 127 AV,6
137,SW 184 ST SW 124 AV,6
137,SW 184 ST SW 122 AV,6
137,SW 122 AV SW 185 ST,6
137,SW 122 AV SW 187 TE,6
137,SW 122 AV SW 189 ST,6
137,SW 122 AV SW 191 TE,6
137,SW 122 AV SW 195 TE,6
137,SW 122 AV QUAIL ROOST DR,6
137,SW 122 AV SW 200 ST,6
137,SW 200 ST SW 118 PL,6
137,SW 200 ST SW 117 CT,6
137,SW 117 AV SW 204 ST,6
137,SW 117 AV SW 208 ST,6
137,SW 211 ST US 1,4
137,SW 211 ST SW 112 AV,4
137,SW 211 ST OP S DADE GOVT,4
137,SW 211 ST OP S DADE GOVT CTR,4
137,SW 211 ST OP S DADE GOVT CTR,4
137,SW 211 ST SW 112 AV,4
137,SW 117 AV SW 114 PL,6
137,SW 117 AV SW 203 TE,6
137,SW 117 AV # 20121,6
137,SW 200 ST SW 117 CT,6
137,SW 200 ST SW 118 PL,6
137,SW 200 ST SW 122 AV,6
137,SW 122 AV QUAIL ROOST DR,6
137,SW 122 AV SW 195 TE,6
137,SW 122 AV SW 191 TE,6
137,SW 122 AV SW 189 ST,6
137,SW 122 AV SW 187 TE,6
137,SW 122 AV SW 185 ST,6
137,SW 184 ST SW 122 AV,6
137,SW 184 ST SW 125 AV,6
137,SW 184 ST SW 127 AV,6
137,SW 184 ST SW 129 AV,6
137,SW 184 ST SW 134 AV,6
137,SW 184 ST SW 136 AV,6
137,SW 137 AV SW 184 ST,6
137,SW 180 ST SW 137 PL,6
137,SW 180 ST SW 143 CT,6
137,SW 180 ST SW 146 CT,6
137,SW 147 AV SW 178 TE,6
137,SW 147 AV SW 176 ST,6
137,SW 147 AV SW 173 TE,6
137,SW 147 AV SW 171 TE,6
137,SW 147 AV SW 168 ST,6
137,SW 168 ST SW 144 CT,6
137,SW 142 AV SW 167 TE,6
137,SW 142 AV SW 163 TE,6
137,SW 160 ST SW 142 AV,6
137,SW 160 ST SW 139 AV,6
137,SW 137 AV SW 160 ST,6
137,SW 137 AV SW 152 ST,6
137,SW 137 AV COUNTRY WALK DR,6
137,SW 137 AV SW 136 ST,6
137,SW 137 AV #13205,6
137,SW 137 AV SW 128 ST,6
137,SW 137 AV SW 124 ST,6
137,SW 137 AV SW 120 ST,6
137,SW 137 AV SW 112 ST,15
137,SW 137 AV SW 109 ST,15
137,SW 137 AV SW 104 ST,15
137,SW 137 AV SW 96 ST,15
137,SW 137 AV # 9225,15
137,SW 137 AV SW 88 ST,15
137,SW 137 AV SW 84 ST,15
137,SW 137 AV SW 82 ST,15
137,SW 137 AV SW 79 ST,15
137,SW 137 AV SW 76 ST,15
137,SW 137 AV SW 74 ST,15
137,SW 137 AV SW 72 ST,15
137,SW 137 AV SW 68 ST,15
137,SW 137 AV SW 66 ST,15
137,SW 137 AV SW 62 ST,15
137,SW 137 AV SW 59 ST,15
137,SW 137 AV SW 56 ST,15
137,SW 137 AV SW 49 TE,15
137,SW 137 AV SW 47 ST,15
137,SW 137 AV # 4420,15
137,SW 137 AV SW 42 ST,15
137,SW 137 AV SW 38 ST,15
137,SW 137 AV SW 34 ST,15
137,SW 137 AV SW 30 ST,15
137,SW 137 AV SW 28 ST,15
137,SW 137 AV SW 26 ST,15
137,SW 137 AV SW 22 ST,15
137,SW 137 AV SW 18 ST,15
137,SW 137 AV SW 14 ST,15
137,SW 137 AV SW 12 ST,15
137,SW 137 AV SW 8 ST,15
137,SW 132 AV SW 2 ST,40
137,NW 132 AV NW 2 ST,40
137,NW 6 ST NW 132 AV,40
137,NW 6 ST NW 130 AV,40
137,NW 6 ST NW 128 PL,40
137,NW 6 ST NW 127 AV,39
137,NW 6 ST NW 124 AV,39
137,NW 6 ST NW 122 AV,39
137,NW 118 AV NW 2 ST,39
137,W FLAGLER ST SW 115 AV,38
137,W FLAGLER ST SW 114 AV,38
137,W FLAGLER ST SW 113 AV,38
137,W FLAGLER ST SW 112 AV,38
137,DOLPHIN MALL NW 112 AV,14
21,NORTHSIDE STA 3150 NW 79 ST,11
21,NW 79 ST NW 30 AV,11
21,NW 79 ST 2800 BLOCK,11
21,NW 79 ST NW 27 AV,11
21,NW 79 ST NW 25 AV,11
21,NW 79 ST NW 23 AV,11
21,NW 79 ST NW 22 AV,11
21,NW 22 AV NW 77 TE,11
21,NW 22 AV NW 75 ST,11
21,NW 22 AV NW 73 ST,11
21,NW 71 ST NW 22 AV,12
21,NW 71 ST NW 21 AV,12
21,NW 71 ST NW 19 AV,12
21,NW 71 ST NW 18 AV,12
21,NW 71 ST NW 17 AV,12
21,NW 71 ST NW 15 AV,12
21,NW 71 ST NW 14 AV,12
21,NW 71 ST NW 13 AV,12
21,NW 12 AV NW 70 ST,12
21,NW 12 AV NW 67 ST,12
21,NW 67 ST NW 13 AV,12
21,NW 14 AV NW 67 ST,12
21,NW 14 AV NW 63 ST,12
21,NW 14 AV NW 62 ST,12
21,NW 62 ST NW 13 AV,12
21,NW 62 ST NW 12 AV,12
21,NW 12 AV NW 60 ST,12
21,NW 12 AV NW 58 ST,12
21,NW 12 AV NW 56 ST,12
21,NW 12 AV NW 54 ST,12
21,NW 12 AV NW 53 ST,12
21,NW 12 AV NW 51 TE,12
21,NW 12 AV NW 50 ST,12
21,NW 12 AV NW 48 ST,12
21,NW 12 AV NW 46 ST,12
21,NW 12 AV NW 44 ST,12
21,NW 12 AV NW 42 ST,12
21,NW 12 AV NW 39 ST,12
21,NW 12 AV NW 38 ST,12
21,ALLAPATTAH STATION,13
21,NW 12 AV NW 30 ST,13
21,NW 12 AV NW 29 ST,13
21,NW 12 AV NW 27 ST,13
21,NW 12 AV NW 26 ST,13
21,NW 12 AV NW 23 ST,13
21,NW 12 AV NW 21 ST,13
21,NW 20 ST NW 12 AV,13
21,NW 20 ST NW 10 AV,13
21,NW 10 AV NW 19 ST,13
21,NW 9 AV NW 17 ST,13
21,NW 17 ST NW 8 AV,13
21,NW 17 ST NW 7 AV,13
21,NW 17 ST NW 5 AV,13
21,NW 17 ST NW 4 AV,13
21,NW 3 AV NW 17 ST,13
21,NW 3 AV NW 15 ST,13
21,NW 3 AV NW 14 ST,19
21,NW 3 AV NW 13 ST,19
21,NW 3 AV NW 11 ST,19
21,NW 5 AV NW 10 ST,13
21,NW 5 AV NW 8 ST,13
21,NW 5 AV NW 7 ST,13
21,NW 5 AVE NW 5 ST,13
21,NW 5 ST NW 4 AV,13
21,NW 5 ST NW 3 AV,20
21,NW 2 AV NW 4 ST,20
21,NW 2 AV NW 2 ST,20
21,DOWNTOWN BUS TERMINAL,20
21,DOWNTOWN BUS TERMINAL,20
21,W FLAGLER ST NW 2 AV,20
21,NW 2 AV NW 2 ST,20
21,NW 2 AV NW 3 ST,20
21,NW 2 AV NW 5 ST,19
21,NW 6 ST NW 4 AV,13
21,NW 6 ST NW 5 AV,13
21,NW 5 AV NW 7 ST,13
21,NW 5 AV NW 9 ST,13
21,NW 5 AV NW 10 ST,13
21,NW 10 ST NW 5 AV,13
21,NW 3 AV NW 11 ST,19
21,NW 3 AV NW 13 ST,19
21,NW 3 AV NW 14 ST,19
21,NW 3 AV NW 15 ST,13
21,NW 17 ST NW 3 AV,13
21,NW 17 ST NW 4 AV,13
21,NW 17 ST NW 5 AV,13
21,NW 17 ST NW 7 AV,13
21,NW 17 ST NW 8 AV,13
21,NW 9 AV NW 17 ST,13
21,NW 10 AV NW 19 ST,13
21,NW 20 ST NW 10 AV,13
21,NW 20 ST NW 11 AV,13
21,NW 20 ST NW 12 AV,13
21,NW 12 AV NW 21 ST,13
21,NW 12 AV NW 22 ST,13
21,NW 12 AV NW 24 ST,13
21,NW 12 AV NW 27 ST,13
21,NW 12 AV NW 29 ST,13
21,NW 12 AV NW 32 ST,13
21,ALLAPATTAH STATION,13
21,NW 12 AV NW 36 ST,13
21,NW 12 AV NW 39 ST,12
21,NW 12 AV NW 41 ST,12
21,NW 12 AV NW 43 ST,12
21,NW 12 AV NW 46 ST,12
21,NW 12 AV NW 48 ST,12
21,NW 12 AV NW 51 ST,12
21,NW 12 AV NW 52 ST,12
21,NW 12 AV NW 54 ST,12
21,NW 12 AV NW 57 ST,12
21,NW 12 AV NW 58 ST,12
21,NW 12 AV NW 60 ST,12
21,NW 62 ST NW 12 AV,12
21,NW 62 ST NW 13 AV,12
21,NW 14 AV NW 62 ST,12
21,NW 14 AV NW 65 ST,12
21,NW 14 AV NW 67 ST,12
21,NW 67 ST NW 13 AV,12
21,NW 12 AV NW 67 ST,12
21,NW 12 AV NW 70 ST,12
21,NW 71 ST NW 12 AV,12
21,NW 71 ST NW 14 AV,11
21,NW 71 ST NW 15 AV,11
21,NW 71 ST NW 17 AV,12
21,NW 71 ST NW 18 AV,12
21,NW 71 ST NW 19 AV,12
21,NW 71 ST NW 21 AV,12
21,NW 71 ST NW 22 AV,12
21,NW 22 AV NW 72 ST,12
21,NW 22 AV NW 73 ST,11
21,NW 22 AV NW 75 ST,11
21,NW 79 ST NW 23 AV,11
21,NW 79 ST NW 24 AV,11
21,NW 79 ST NW 25 AV,11
21,NW 79 ST NW 27 AV,11
21,NW 79 ST NW 30 AV,11
21,NORTHSIDE STA 3150 NW 79,11
21,NORTHSIDE STA 3150 NW 79 ST,11
212,NW 2 ST OP # 11591,39
212,NW 2 ST NW 114 AV,39
212,W FLAGLER ST SW 114 AV,39
212,W FLAGLER ST SW 113 AV,38
212,SW 112 AV W FLAGLER ST,38
212,SW 112 AV SW 2 ST,38
212,SW 4 ST SW 112 AV,38
212,SW 4 ST SW 110 AV,38
212,SW 4 ST SW 109 AV,38
212,SW 4 ST SW 108 AV,38
212,SW 4 ST SW 107 AV,38
212,SW 107 AV SW 4 ST,37
212,W FLAGLER ST NW 107 AV,38
212,W FLAGLER ST NW 108 CT,38
212,SW 109 AV W FLAGLER ST,38
212,SW 2 ST # 10824,38
212,SW 108 AV OP # 30 G,38
212,SW 108 AV OP # 30 G,38
212,SW 107 AV W FLAGLER ST,38
212,SW 107 AV SW 3 ST,38
212,SW 4 ST SW 107 AV,38
212,SW 4 ST SW 109 AV,38
212,SW 4 ST SW 110 AV,38
212,SW 4 ST SW 112 AV,38
212,SW 112 AV SW 2 ST,38
212,SW 112 AV W FLAGLER ST,38
212,W FLAGLER ST NW 112 AV,38
212,W FLAGLER ST # 11303,38
212,W FLAGLER ST # 11495,39
212,NW 117 AV W FLAGLER ST,39
212,NW 2 ST OP # 11591,39
22,NE 167 ST NE 15 AV,10
22,NE 15 AV NE 165 ST,10
22,NE 163 ST NE 13 AV,10
22,NE 163 ST NE 12 AV,10
22,N MIAMI BEACH BLVD NE 10 AV,10
22,NE 167 ST NE 8 AV,10
22,NE 167 ST NE 7 AV,10
22,NE 167 ST NE 6 AV,10
22,NE 167 ST NE 4 AV,10
22,NE 167 ST NE 2 AV,10
22,NE 167 ST NE 1 AV,10
22,NE 167 ST N MIAMI AV,10
22,NW 167 ST NW 1 AV,10
22,GOLDEN GLADES TERMINAL,11
22,NW 13 AV NW 167 ST,11
22,NW 13 AV NW 165 ST,11
22,NW 13 AV NW 163 ST,11
22,NW 13 AV NW 159 ST,11
22,NW 15 AV NW 159 ST,11
22,NW 15 AV NW 163 ST,11
22,NW 15 AV NW 165 ST,11
22,NW 167 ST NW 12 AV,11
22,NW 167 ST # 1395,11
22,NW 167 ST # 1515,11
22,NW 17 AV NW 166 ST,11
22,NW 17 AV NW 163 ST,11
22,NW 17 AV NW 160 ST,11
22,NW 160 ST NW 18 AV,11
22,NW 160 ST NW 18 PL,11
22,E BUNCHE PARK DR NW 160 ST,11
22,E BUNCHE PARK DR NW 163 ST R,11
22,E BUNCHE PARK DR NW 22 AV,11
22,NW 22 AV E BUNCHE PARK DR N,11
22,NW 22 AV NW 158 ST,11
22,NW 22 AV W BUNCHE PARK DR,11
22,NW 22 AV NW 154 ST,11
22,NW 22 AV NW 151 ST,11
22,NW 22 AV ALI BABA AV,11
22,NW 22 AV RUTLAND ST,11
22,NW 22 AV NW 143 ST,11
22,NW 22 AV NW 141 ST,11
22,NW 22 AV NW 139 ST,11
22,NW 22 AV OPA LOCKA BD,11
22,NW 22 AV NW 135 ST,11
22,NW 22 AV NW 133 ST,11
22,NW 22 AV NW 131 ST,11
22,NW 22 AV NW 129 ST,11
22,NW 22 AV NW 127 ST,11
22,NW 22 AV NW 124 ST,11
22,NW 22 AV NW 122 ST,11
22,NW 22 AV NW 119 ST,11
22,NW 22 AV NW 117 ST,11
22,NW 22 AV NW 115 ST,11
22,NW 22 AV # 11260,11
22,NW 22 AV NW 111 ST,11
22,NW 22 AV NW 107 ST,11
22,NW 22 AV NW 105 ST,11
22,NW 22 AV NW 103 ST,11
22,NW 22 AV NW 102 ST,11
22,NW 22 AV NW 100 ST,11
22,NW 22 AV NW 99 ST,11
22,NW 22 AV NW 97 ST,11
22,NW 22 AV NW 95 ST,11
22,NW 22 AV NW 93 ST,11
22,NW 22 AV NW 91 ST,11
22,NW 22 AV NW 89 ST,11
22,NW 22 AV NW 87 ST,11
22,NW 22 AV NW 85 ST,11
22,NW 22 AV NW 81 TR,11
22,NW 22 AV NW 80 ST,11
22,NW 22 AV NW 79 ST,11
22,NW 22 AV NW 77 TE,11
22,NW 22 AV NW 75 ST,11
22,NW 22 AV NW 73 ST,11
22,NW 22 AV NW 71 ST,12
22,NW 22 AV NW 69 ST,12
22,NW 22 AV NW 66 ST,12
22,NW 22 AV NW 64 ST,12
22,NW 22 AV NW 62 ST,12
22,NW 22 AV NW 59 ST,12
22,NW 22 AV NW 56 ST,12
22,NW 22 AV NW 54 ST,12
22,NW 22 AV NW 52 ST,12
22,NW 22 AV NW 51 ST,12
22,NW 22 AV NW 48 ST,12
22,NW 22 AV NW 46 ST,12
22,NW 22 AV NW 43 ST,12
22,EARLINGTON HGTS STA 2100 NW,12
22,NW 22 AV SR 112,12
22,NW 22 AV NW 36 ST,12
22,NW 22 AV NW 34 ST,13
22,NW 22 AV NW 32 ST,13
22,NW 22 AV NW 30 ST,13
22,NW 22 AV NW 27 ST,13
22,NW 22 AV NW 26 ST,13
22,NW 22 AV NW 23 ST,13
22,NW 22 AV NW 21 TE,13
22,NW 22 AV NW 20 ST,13
22,NW 22 AV NW 18 TE,13
22,NW 22 AV NW 13 ST,23
22,NW 22 AV NW 11 ST,23
22,NW 22 AV NW 9 ST,23
22,NW 22 AV NW 7 ST,29
22,NW 22 AV NW 5 ST,29
22,NW 22 AV NW 3 ST,29
22,NW 22 AV NW 2 ST,29
22,NW 22 AV W FLAGLER ST,29
22,SW 22 AV SW 1 ST,29
22,SW 22 AV SW 2 ST,29
22,SW 22 AV SW 4 ST,29
22,SW 22 AV SW 6 ST,28
22,SW 22 AV SW 8 ST,29
22,SW 22 AV SW 10 ST,17
22,SW 22 AV SW 11 TE,17
22,SW 22 AV SW 13 ST,17
22,SW 22 AV SW 15 ST,17
22,SW 22 AV SW 16 ST,17
22,SW 22 AV SW 17 ST,17
22,SW 22 AV SW 18 ST,17
22,SW 22 AV SW 19 TE,17
22,SW 22 AV SW 21 ST,17
22,SW 22 AV CORAL WAY,17
22,SW 22 AV SW 23 ST,17
22,SW 22 AV SW 24 ST,17
22,SW 22 AV SW 25 ST,17
22,SW 22 AV SW 26 LN,17
22,SW 22 AV SW 27 TE,9
22,SW 22 AV SW 27 LN,9
22,SW 22 AV TIGER TAIL AV,9
22,TIGERTAIL AV KIRK ST,9
22,TIGERTAIL AV LUCAYA ST,9
22,TIGERTAIL AV WASHINGTON ST,9
22,SW 27 AV ANDROS AV,9
22,SW 27 AV SW 28 ST,9
22,COCONUT GROVE STA 2780 S,17
22,COCONUT GROVE STA 2780 SW 27,17
22,COCONUT GROVE STA 2780 SW 27,17
22,SW 27 AV US 1,9
22,SW 27 AV COCONUT AV,9
22,TIGERTAIL AV AVIATION AV,9
22,TIGERTAIL AV JEFFERSON ST,9
22,TIGERTAIL AV CALUSA ST,9
22,TIGERTAIL AV SW 22 AV,9
22,SW 22 AV LINCOLN AV,9
22,SW 22 AV SW 27 LN,9
22,SW 22 AV SECOFEE ST,9
22,SW 22 AV SW 26 ST,17
22,SW 22 AV SW 25 TE,17
22,SW 22 AV SW 24 TE,17
22,SW 22 AV SW 23 TE,17
22,SW 22 AV SW 22 ST,17
22,SW 22 AV SW 21 ST,17
22,SW 22 AV SW 20 ST,17
22,SW 22 AV SW 19 ST,17
22,SW 22 AV SW 17 ST,17
22,SW 22 AV SW 14 TE,17
22,SW 22 AV SW 12 ST,17
22,SW 22 AV SW 11 ST,17
22,SW 22 AV SW 9 ST,17
22,SW 22 AV SW 8 ST,28
22,SW 22 AV SW 6 ST,28
22,SW 22 AV SW 3 ST,28
22,SW 22 AV SW 1 ST,28
22,SW 22 AV W FLAGLER ST,28
22,NW 22 AV W FLAGLER ST,28
22,NW 22 AV NW 2 ST,28
22,NW 22 AV NW 4 TE,28
22,NW 22 AV NW 6 ST,28
22,NW 22 AV NW 7 ST,23
22,NW 22 AV NW 9 ST,23
22,NW 22 AV NW 11 ST,23
22,NW 22 AV NW 13 ST,23
22,NW 22 AV NW 19 ST,13
22,NW 22 AV NW 20 ST,13
22,NW 22 AV NW 22 ST,13
22,NW 22 AV NW 23 ST,13
22,NW 22 AV NW 26 ST,13
22,NW 22 AV NW 28 ST,13
22,NW 22 AV NW 30 ST,13
22,NW 22 AV NW 32 ST,13
22,NW 22 AV NW 33 ST,13
22,NW 22 AV NW 36 ST,12
22,NW 22 AV SR 112,12
22,EARLINGTON HGTS STA 2100 NW,12
22,NW 22 AV NW 42 ST,12
22,NW 22 AV NW 43 ST,12
22,NW 22 AV NW 46 ST,12
22,NW 22 AV NW 48 ST,12
22,NW 22 AV NW 51 ST,12
22,NW 22 AV NW 54 ST,12
22,NW 22 AV NW 56 ST,12
22,NW 22 AV NW 58 ST,12
22,NW 22 AV NW 60 ST,12
22,NW 22 AV NW 62 ST,12
22,NW 22 AV NW 64 ST,12
22,NW 22 AV NW 66 ST,12
22,NW 22 AV NW 68 TE,12
22,NW 22 AV NW 69 LA,12
22,NW 22 AV NW 71 ST,12
22,NW 22 AV NW 72 ST,12
22,NW 22 AV NW 73 ST,11
22,NW 22 AV NW 75 ST,11
22,NW 22 AV NW 78 ST,11
22,NW 22 AV NW 80 ST,11
22,NW 22 AV NW 82 ST,11
22,NW 22 AV NW 84 ST,11
22,NW 22 AV NW 86 TE,11
22,NW 22 AV NW 89 ST,11
22,NW 22 AV NW 91 ST,11
22,NW 22 AV NW 93 TE,11
22,NW 22 AV NW 95 ST,11
22,NW 22 AV NW 96 TE,11
22,NW 22 AV NW 99 TE,11
22,NW 22 AV NW 100 ST,11
22,NW 22 AV NW 103 ST,11
22,NW 22 AV NW 105 ST,11
22,NW 22 AV NW 107 ST,11
22,NW 22 AV NW 111 ST,11
22,NW 22 AV # 11281,11
22,NW 22 AV NW 115 ST,11
22,NW 22 AV NW 117 ST,11
22,NW 22 AV NW 119 ST,11
22,NW 22 AV # 12125,11
22,NW 22 AV NW 124 ST,11
22,NW 22 AV NW 127 ST,11
22,NW 22 AV NW 129 ST,11
22,NW 22 AV NW 131 ST,11
22,NW 22 AV NW 133 ST,11
22,NW 22 AV NW 135 ST,11
22,NW 22 AV OPA LOCKA BD,11
22,NW 22 AV NW 139 ST,11
22,NW 22 AV BURLINGTON ST,11
22,NW 22 AV WILMINGTON ST,11
22,NW 22 AV ALI BABA AV,11
22,NW 22 AV GRANT AV,11
22,NW 22 AV NW 152 TE,11
22,NW 22 AV NW 155 ST,11
22,NW 22 AV E BUNCHE PARK DR S,11
22,NW 22 AV # 15825,11
22,NW 22 AV E BUNCHE PK DR N,11
22,E BUNCHE PARK DR 163 ST RD,11
22,E BUNCHE PARK DR NW 160 ST,11
22,NW 160 ST NW 18 PL,11
22,NW 160 ST NW 18 AV,11
22,NW 160 ST NW 17 AV,11
22,NW 17 AV NW 163 ST,11
22,NW 17 AV NW 166 ST,11
22,NW 167 ST NW 16 CT,11
22,NW 167 ST NW 15 AV,11
22,NW 167 ST NW 13 AV,11
22,NW 13 AV NW 167 ST,11
22,NW 15 AV NW 165 ST,11
22,NW 15 AV NW 163 ST,11
22,NW 15 AV NW 159 ST,11
22,NW 13 AV NW 159 ST,11
22,NW 13 AV NW 163 ST,11
22,NW 13 AV NW 165 ST,11
22,GOLDEN GLADES NW 7 AV,11
22,GOLDEN GLADES TERMINAL,11
22,NW 167 ST NW 1 AV,10
22,NE 167 ST N MIAMI AV,10
22,NE 167 ST NE 2 AV,10
22,NE 167 ST NE 4 AV,10
22,NE 167 ST NE 6 AV,10
22,NE 167 ST NE 7 AV,10
22,N MIAMI BEACH BLVD # 900,10
22,N MIAMI BEACH BLVD NE 10 AV,10
22,NE 12 AV NE 165 ST,10
22,NE 12 AV NE 167 ST,10
22,NE 167 ST NE 13 AV,10
22,NE 167 ST NE 15 AV,10
27,NW 207 ST NW 27 AV,11
27,NW 207 ST NW 29 AV,11
27,NW 207 ST NW 32 AV,11
27,NW 32 AV NW 208 TE,11
27,NW 32 AV NW 210 TE,11
27,NW 211 ST NW 30 AV,11
27,NW 211 ST NW 28 CT,11
27,NW 211 ST NW 27 CT,11
27,NW 27 AV NW 207 ST,11
27,NW 27 AV NW 202 TE,11
27,NW 199 ST NW 27 CT,11
27,NW 199 ST NW 29 CT,11
27,NW 32 AV NW 199 ST,11
27,NW 32 AV NW 196 LA,11
27,NW 32 AV #19420,11
27,NW 191 ST NW 32 AV,11
27,NW 191 ST NW 29 PL,11
27,NW 191 ST NW 29 AV,11
27,NW 191 ST NW 27 CT,11
27,NW 27 AV NW 191 ST,11
27,NW 27 AV NW 187 ST,11
27,NW 211 ST NW 34 PL,11
27,NW 211 ST NW 37 AV,11
27,NW 213 ST NW 37 AV,11
27,NW 213 ST NW 39 AV,11
27,NW 39 AV OP # 21001,11
27,NW 207 ST NW 38 CT,11
27,NW 37 AV NW 209 TE,11
27,NW 37 AV NW 207 ST,11
27,NW 37 AV NW 207 DR,11
27,NW 37 AV NW 203 ST,11
27,NW 37 AV NW 199 ST,11
27,NW 37 AV NW 196 LA,11
27,NW 37 AV NW 194 ST,11
27,NW 37 AV NW 191 ST,11
27,NW 37 AV NW 188 ST,11
27,NW 37 AV NW 187 ST,11
27,NW 37 AV # 18450,11
27,NW 183 ST NW 34 CT,11
27,NW 183 ST NW 33 CT,11
27,NW 183 ST NW 32 AV,11
27,NW 183 ST NW 30 AV,11
27,NW 183 ST NW 28 PL,11
27,NW 183 ST NW 27 AV,11
27,NW 27 AV NW 183 ST,11
27,NW 27 AV NW 179 ST,11
27,NW 27 AV NW 177 ST,11
27,NW 27 AV # 17210,11
27,NW 27 AV NW 169 TE,11
27,NW 27 AV NW 165 TE,11
27,NW 27 AV NW 163 ST,11
27,NW 27 AV NW 159 ST,11
27,NW 27 AV NW 156 ST,11
27,NW 27 AV NW 154 ST,11
27,NW 27 AV PERI ST,11
27,NW 27 AV SHARAR AV,11
27,NW 27 AV SESAME ST,11
27,NW 27 AV ALI BABA AV,11
27,NW 27 AV WILMINGTON ST,11
27,NW 27 AV YORK ST,11
27,NW 27 AV OPA LOCKA BD,11
27,NW 27 AV NW 132 ST,11
27,NW 27 AV NW 131 ST,11
27,NW 27 AV #12940,11
27,NW 27 AV NW 127 ST,11
27,NW 27 AV OP # 12501,11
27,NW 27 AV NW 122 ST,11
27,NW 27 AV NW 119 ST,11
27,NW 27 AV NW 116 ST,11
27,NW 27 AV NW 115 ST,11
27,AT MDCC - NO TERMINAL,11
27,NW 27 AV NW 113 ST,11
27,NW 27 AV NW 108 ST,11
27,NW 27 AV NW 106 ST,11
27,NW 27 AV NW 103 ST,11
27,NW 27 AV NW 100 ST,11
27,NW 27 AV NW 98 ST,11
27,NW 27 AV NW 97 ST,11
27,NW 27 AV NW 95 ST,11
27,NW 27 AV NW 93 ST,11
27,NW 27 AV NW 91 ST,11
27,NW 27 AV NW 88 ST,11
27,NW 27 AV NW 87 ST,11
27,NW 27 AV NW 83 ST,11
27,NW 27 AV NW 80 ST,11
27,NW 27 AV NW 79 ST,11
27,NW 27 AV NW 77 ST,11
27,NW 27 AV NW 75 ST,11
27,NW 27 AV NW 73 ST,12
27,NW 27 AV NW 71 ST,12
27,NW 27 AV NW 68 ST,12
27,M L KING JR STATION 6205 NW,12
27,NW 27 AV NW 62 ST,12
27,NW 27 AV NW 60 ST,12
27,NW 27 AV NW 58 ST,12
27,NW 27 AV NW 56 ST,12
27,NW 27 AV NW 54 ST,12
27,BROWNSVILLE STA 5200 NW 27 A,12
27,NW 27 AV NW 50 ST,12
27,NW 27 AV NW 48 ST,12
27,NW 27 AV NW 46 ST,12
27,NW 27 AV NW 43 TE,12
27,NW 27 AV NW 41 ST,12
27,NW 27 AV NW 36 ST,12
27,NW 27 AV NW 34 ST,13
27,NW 27 AV NW 32 ST,13
27,NW 27 AV NW 31 ST,13
27,NW 27 AV NW 28 ST,13
27,NW 27 AV NW 26 ST,13
27,NW 27 AV NW 23 ST,13
27,NW 27 AV NW 21 TE,13
27,NW 27 AV NW 17 ST,22
27,NW 27 AV NW 14 ST,22
27,NW 27 AV NW 9 ST,22
27,NW 27 AV NW 4 TE,30
27,NW 27 AV NW 3 ST,30
27,NW 27 AV NW 1 ST,30
27,SW 27 AV W FLAGLER ST,30
27,SW 27 AV SW 3 ST,30
27,SW 27 AV SW 4 ST,30
27,SW 27 AV SW 6 ST,30
27,SW 27 AV SW 8 ST,17
27,SW 27 AV SW 10 ST,17
27,SW 27 AV SW 12 ST,17
27,SW 27 AV SW 14 ST,17
27,SW 27 AV SW 16 ST,17
27,SW 27 AV SW 17 ST,17
27,SW 27 AV SW 19 ST,17
27,SW 27 AV SW 20 ST,17
27,SW 27 AV SW 23 ST,17
27,SW 27 AV SW 24 ST,17
27,SW 27 AV SW 25 TE,17
27,SW 27 AV SW 26 ST,17
27,SW 27 AV SW 27 ST,17
27,COCONUT GROVE STA 2780 S,17
27,COCONUT GROVE STA 2780 SW 27,17
27,COCONUT GROVE STA 2780 SW 27,17
27,SW 27 AV SW 27 ST,17
27,SW 27 AV SW 26 LN,17
27,SW 27 AV SW 25 TE,17
27,SW 27 AV SW 24 TE,17
27,SW 27 AV SW 23 ST,17
27,SW 27 AV SW 19 TR,17
27,SW 27 AV SW 19 ST,17
27,SW 27 AV SW 17 ST,17
27,SW 27 AV SW 16 ST,17
27,SW 27 AV SW 14 ST,17
27,SW 27 AV SW 12 ST,17
27,SW 27 AV SW 10 ST,17
27,SW 27 AV SW 8 ST,29
27,SW 27 AV SW 6 ST,29
27,SW 27 AV SW 4 ST,29
27,SW 27 AV SW 2 ST,29
27,NW 27 AV W FLAGLER ST,29
27,NW 27 AV NW 1 ST,29
27,NW 27 AV NW 3 ST,29
27,NW 27 AV NW 4 TE,29
27,NW 27 AV NW 9 ST,23
27,NW 27 AV NW 14 ST,23
27,NW 27 AV NW 16 ST,23
27,NW 27 AV NW 17 ST,23
27,NW 27 AV NW 24 ST,13
27,NW 27 AV NW 26 ST,13
27,NW 27 AV NW 28 ST,13
27,NW 27 AV NW 31 ST,13
27,NW 27 AV NW 33 ST,13
27,NW 27 AV NW 35 ST,13
27,NW 27 AV NW 36 ST,12
27,NW 27 AV NW 38 ST,12
27,NW 27 AV NW 41 ST,12
27,NW 27 AV NW 44 ST,12
27,NW 27 AV NW 46 ST,12
27,NW 27 AV NW 48 ST,12
27,NW 27 AV NW 50 ST,12
27,BROWNSVILLE STA 5200 NW 27 A,12
27,NW 27 AV NW 54 ST,12
27,NW 27 AV NW 56 ST,12
27,NW 27 AV NW 58 ST,12
27,NW 27 AV NW 59 ST,12
27,NW 27 AV NW 62 ST,12
27,M L KING JR STATION 6205 NW,12
27,NW 27 AV NW 66 ST,12
27,NW 27 AV NW 68 ST,12
27,NW 27 AV NW 71 ST,12
27,NW 27 AV NW 73 ST,12
27,NW 27 AV NW 75 ST,11
27,NW 27 AV NW 77 ST,11
27,NW 27 AV NW 79 TE,11
27,NW 27 AV NW 80 ST,11
27,NW 27 AV NW 83 ST,11
27,NW 27 AV # 8401,11
27,NW 27 AV NW 87 ST,11
27,NW 27 AV NW 91 ST,11
27,NW 27 AV NW 93 ST,11
27,NW 27 AV NW 95 ST,11
27,NW 27 AV NW 97 ST,11
27,NW 27 AV NW 99 ST,11
27,NW 27 AV NW 101 ST,11
27,NW 27 AV NW 103 ST,11
27,NW 27 AV NW 106 ST,11
27,NW 27 AV NW 108 ST,11
27,NW 27 AV NW 111 ST,11
27,NW 27 AV NW 113 ST,11
27,AT MDCC - NO TERMINAL,11
27,NW 27 AV NW 115 ST,11
27,NW 27 AV NW 116 ST,11
27,NW 27 AV NW 120 ST,11
27,NW 27 AV NW 122 ST,11
27,NW 27 AV # 12501,11
27,NW 27 AV NW 127 ST,11
27,NW 27 AV #12925,11
27,NW 27 AV NW 131 ST,11
27,NW 27 AV NW 136 ST,11
27,NW 27 AV # 13831,11
27,NW 27 AV ALI BABA AV,11
27,NW 27 AV DUNAD AV,11
27,NW 27 AV # 14851,11
27,NW 27 AV NW 154 ST,11
27,NW 27 AV NW 156 ST,11
27,NW 27 AV # 15851,11
27,NW 27 AV NW 163 ST,11
27,NW 27 AV NW 165 ST,11
27,NW 27 AV NW 171 ST,11
27,NW 27 AV NW 173 TE,11
27,NW 27 AV NW 177 ST,11
27,NW 27 AV NW 179 ST,11
27,NW 27 AV NW 183 ST,11
27,NW 183 ST NW 27 AV,11
27,NW 183 ST NW 28 PL,11
27,NW 183 ST NW 29 CT,11
27,NW 183 ST NW 32 AV,11
27,NW 183 ST # 3285,11
27,NW 183 ST NW 34 CT,11
27,NW 37 AV # 18451,11
27,NW 37 AV NW 187 ST,11
27,NW 37 AV NW 188 ST,11
27,NW 37 AV NW 191 ST,11
27,NW 37 AV NW 193 ST,11
27,NW 37 AV NW 194 ST,11
27,NW 37 AV NW 196 LA,11
27,NW 37 AV NW 199 ST,11
27,NW 37 AV # 20201,11
27,NW 37 AV NW 203 ST,11
27,NW 37 AV NW 207 DR,11
27,NW 37 AV NW 205 ST,11
27,NW 207 ST NW 37 AV,11
27,NW 207 ST NW 38 CT,11
27,NW 27 AV # 18405,11
27,NW 27 AV # 18601,11
27,NW 191 ST NW 27 AV,11
27,NW 191 ST NW 29 AV,11
27,NW 191 ST NW 29 PL,11
27,NW 191 ST NW 32 AV,11
27,NW 32 AV OP #19420,11
27,NW 32 AV NW 196 LA,11
27,NW 199 ST NW 32 AV,11
27,NW 199 ST NW 29 CT,11
27,NW 199 ST NW 27 CT,11
27,NW 27 AV NW 202 TE,11
27,NW 39 AV # 21010,11
27,NW 213 ST NW 39 AV,11
27,NW 213 ST NW 37 AV,11
27,NW 37 AV NW 207 ST,11
27,NW 37 AV NW 209 TE,11
27,NW 211 ST NW 37 AV,11
27,NW 211 ST NW 34 PL,11
27,NW 211 ST NW 34 AV,11
27,NW 211 ST NW 33 AV,11
27,NW 211 ST NW 32 AV,11
27,NW 211 ST NW 30 AV,11
27,NW 211 ST NW 28 CT,11
27,NW 211 ST NW 27 CT,11
27,NW 27 AV NW 211 ST,11
27,NW 207 ST NW 27 AV,11
277,GOLDEN GLADES TERMINAL,11
277,NW 7 AV NW 151 ST,11
277,NW 7 AV NW 135 ST,11
277,NW 7 AV NW 125 ST,11
277,NW 7 AV NW 120 ST,11
277,NW 7 AV NW 103 ST,11
277,NW 7 AV NW 95 ST,11
277,NW 7 AV LITTLE RIVER DR,11
277,NW 7 AV NW 79 ST,11
277,NW 7 AV NW 71 ST,10
277,NW 7 AV NW 62 ST,12
277,NW 7 AV NW 54 ST,12
277,NW 7 AV NW 35 ST,13
277,NW 7 AV NW 29 ST,13
277,NW 7 AV NW 20 ST,13
277,NW 7 AV NW 17 ST,13
277,NW 7 AV NW 11 ST,13
277,SW 1 ST SW 1 CT,20
277,NW 1 ST NW 1 AV,20
277,NW 1 ST NW 1 AV,20
277,NW 7 AV NW 11 ST,13
277,NW 7 AV NW 17 ST,13
277,NW 7 AV NW 20 ST,13
277,NW 7 AV NW 29 ST,13
277,NW 7 AV NW 36 ST,13
277,NW 7 AV NW 54 ST,10
277,NW 7 AV NW 62 ST,10
277,NW 7 AV NW 71 ST,10
277,NW 7 AV NW 79 ST,10
277,NW 7 AV LITTLE RIVER DR,10
277,NW 7 AV NW 95 TE,10
277,NW 7 AV NW 103 ST,10
277,NW 7 AV NW 119 ST,10
277,NW 7 AV NW 125 ST,10
277,NW 7 AV NW 135 ST,10
277,NW 7 AV NW 151 ST,10
277,GOLDEN GLADES TERMINAL,11
37,W 3 CT W 74 PL,11
37,W 3 CT W 71 ST,11
37,W 3 CT OP # 6875,11
37,W 2 CT # 6680,11
37,W 65 ST W 2 AV,11
37,W 65 ST W 1 AV,11
37,PALM AV W 64 TE,11
37,PALM AV W 62 ST,11
37,PALM AV W 60 ST,11
37,PALM AV W 58 ST,11
37,PALM AV W 55 ST,11
37,PALM AV W 53 TE,11
37,PALM AV W 51 ST,11
37,PALM AV W 49 ST,11
37,PALM AV W 4800,11
37,PALM AV # 4500,11
37,PALM AV W 43 ST,11
37,PALM AV W 41 ST,11
37,PALM AV APPROX # 3950,11
37,PALM AV W 37 ST,11
37,PALM AV W 34 ST,11
37,PALM AV W 32 ST,11
37,PALM AV W 30 ST,11
37,PALM AV W 28 ST,11
37,PALM AV W 26 ST,11
37,PALM AV W 23 ST,11
37,HIALEAH STA 115 E 21 ST,12
37,PALM AV W 21 ST,12
37,PALM AV W 19 ST,12
37,PALM AV W 17 ST,12
37,PALM AV W 15 ST,12
37,PALM AV W 13 ST,12
37,PALM AV W 11 ST,12
37,PALM AV W 9 ST,12
37,PALM AV W 8 ST,12
37,PALM AV W 7 ST,12
37,PALM AV W 6 ST,12
37,E 3 ST PALM AV,12
37,E 3 ST E 1 AV,12
37,E 2 AV HIALEAH DR,12
37,HIALEAH DR EUCALYPTUS DR,12
37,HIALEAH DR E 4 AV,12
37,SE 4 AV SE 3 ST,12
37,SE 4 AV PASH E HO WA DR,12
37,SE 4 AV E OKEECHOBEE RD,12
37,EAST DR S ROYAL POINCIANA BL,14
37,EAST DR EASTWARD DR,14
37,EAST DR LABARON DR,14
37,NW 36 ST MILLER DR,14
37,NW 36 ST LEE DR,14
37,NW 42 AV NW 36 ST,14
37,NW 42 AV NW 27 ST,25
37,MIAMI INTERNATIONAL AIRPORT,25
37,NW 37 AV NW 18 TE,25
37,NW 37 AV NW 17 ST,25
37,NW 37 AV NW 16 ST,25
37,NW 37 AV NW 14 ST,25
37,NW 37 AV NW 12 TE,25
37,NW 37 AV NW 11 ST,31
37,NW 37 AV NW 9 ST,31
37,NW 37 AV NW 7 ST,31
37,NW 37 AV NW 4 TE,31
37,NW 37 AV NW 2 ST,31
37,SW 37 AV W FLAGLER ST,31
37,SW 37 AV FONSECA AV,31
37,SW 37 AV MONTILLA AV,31
37,SW 37 AV SW 8 ST,17
37,SW 37 AV SANTILLANE AV,17
37,SW 37 AV SIDONIA AV,17
37,SW 37 AV MENORES AV,17
37,SW 37 AV ALHAMBRA CR,17
37,SW 37 AV MINORCA AV,17
37,SW 37 AV GIRALDA AV,17
37,SW 37 AV CORAL WAY,17
37,SW 37 AV SEVILLA AV,17
37,SW 37 AV MALAGA AV,17
37,SW 37 AV COCONUT GROVE DR,17
37,SW 37 AV SW 27 ST,17
37,SW 37 AV SW 28 ST,17
37,SW 37 AV SW 29 ST,17
37,SW 37 AV SW 40 ST,17
37,DOUGLAS RD STATION 3100 SW 3,9
37,SW 37 AV DAY AV,9
37,SW 37 AV PERCIVAL AV,9
37,SW 37 AV FLORIDA AV,9
37,SW 37 AV GRAND AV,9
37,SW 37 AV CHARLES TE,9
37,SW 37 AV KUMQUAT AV,9
37,SW 37 AV CRAWFORD AV,9
37,SW 37 AV POINCIANA AV,9
37,SW 37 AV LEAFY WY,9
37,SW 37 AV EL PRADO BD,9
37,SW 37 AV PINE AV,9
37,SW 37 AV PARK LN,9
37,INGRAHAM HY HARDEE RD,9
37,INGRAHAM HY MATHESON AV,9
37,INGRAHAM HY BATTERSEA RD,9
37,INGRAHAM HY RIDGEWOOD RD,9
37,INGRAHAM HY BRIGHTON PL,9
37,SW 72 ST COCOPLUM PLAZA,9
37,SW 72 ST GRANADA BD,9
37,SW 72 ST ALMANSA ST,9
37,SW 72 ST MINDELLO ST,9
37,SW 72 ST BARQUERA ST,9
37,SW 72 ST MAYNADA ST,9
37,SW 72 ST MENTONE ST,9
37,SW 72 ST TRIONFO ST,9
37,SW 72 ST SW 53 AV,9
37,SW 72 ST NERVIA ST,9
37,SW 72 ST YUMURI ST,9
37,SW 72 ST SW 57 AV,9
37,SW 72 ST SW 58 AV,9
37,SW 72 ST SW 61 AV,17
37,SW 62 AV SW 70 ST,17
37,SW 62 AV SW 68 ST,17
37,SW 62 AV SW 64 ST,17
37,SW 64 ST SW 60 AV,17
37,SW 59 PL SW 64 ST,17
37,SW 59 PL SW 67 ST,17
37,SW 59 PL SW 69 ST,17
37,SOUTH MIAMI STA 5949 SW,17
37,SOUTH MIAMI STA 5949 SW 72 S,17
37,SOUTH MIAMI STA 5949 SW 72 S,17
37,SW 59 PL SW 69 ST,17
37,SW 59 PL SW 68 ST,17
37,SW 59 PL SW 66 ST,17
37,SW 59 PL SW 64 ST,17
37,SW 64 ST SW 60 AV,17
37,SW 62 AV SW 64 ST,17
37,SW 62 AV SW 68 ST,17
37,SW 62 AV SW 70 ST,17
37,SW 72 ST SW 61 CT,17
37,SW 72 ST SW 58 AV,9
37,SW 72 ST SW 57 AV,9
37,SW 72 ST SW 54 AV,9
37,SW 72 ST SW 53 AV,9
37,SW 72 ST SW 52 AV,9
37,SW 72 ST MENTONE ST,9
37,SW 72 ST SW 49 AV,9
37,SW 72 ST SW 47 AV,9
37,SW 72 ST CAMARIN ST,9
37,SW 72 ST ALMANSA ST,9
37,SW 72 ST OLD CUTLER RD,9
37,EDGEWATER DR #200,9
37,EDGEWATER DR # 90,9
37,EDGEWATER DR DOUGLAS RD,9
37,SW 37 AV N PROSPECT RD,9
37,SW 37 AV BATTERSEA RD,9
37,SW 37 AV KLEBBA DR,9
37,SW 37 AV PARK LN,9
37,SW 37 AV OP PINE AV,9
37,SW 37 AV MAIN HY,9
37,SW 37 AV LEAFY WY,9
37,SW 37 AV POINCIANA AV,9
37,SW 37 AV PALMETTO AV,9
37,SW 37 AV KUMQUAT AV,9
37,SW 37 AV CHARLES AV,9
37,SW 37 AV GRAND AV,9
37,SW 37 AV OAK AV,9
37,SW 37 AV US 1,9
37,DOUGLAS RD STATION 3100 SW 3,9
37,SW 37 AV BIRD RD,17
37,SW 37 AV SW 29 ST,17
37,SW 37 AV SW 27 LN,17
37,SW 37 AV SW 26 TE,17
37,SW 37 AV SW 26 ST,17
37,SW 37 AV SW 24 TE,17
37,SW 37 AV SW 23 ST,17
37,SW 37 AV SW 22 ST,17
37,SW 37 AV SW 20 ST,17
37,SW 37 AV SW 17 ST,17
37,SW 37 AV SW 16 ST,17
37,SW 37 AV SW 14 ST,17
37,SW 37 AV SW 12 ST,17
37,SW 37 AV SW 9 TE,17
37,SW 37 AV SW 8 ST,30
37,SW 37 AV SW 4 ST,30
37,SW 37 AV W FLAGLER ST,30
37,NW 37 AV NW FLAGLER TE,30
37,NW 37 AV NW 2 TE,30
37,NW 37 AV NW 4 ST,30
37,NW 37 AV NW 7 ST,22
37,NW 37 AV NW 9 ST,22
37,NW 37 AV NW 11 ST,22
37,NW 37 AV NW 12 TE,22
37,NW 37 AV NW 14 TE,22
37,NW 37 AV NW 16 ST,22
37,NW 37 AV NW 17 ST,22
37,NW 37 AV NW 18 TE,22
37,NW 21 ST NW 37 AV,25
37,MIAMI INTERNATIONAL AIRPORT,25
37,NW 42 AV NW 25 ST,25
37,NW 42 AV NW 27 ST,25
37,NW 42 AV NW 28 ST,25
37,NW 42 AV NW 30 ST,25
37,SERVICE RD NW 42 AV,25
37,NW 36 ST COOLIDGE DR,14
37,NW 36 ST RAGAN ST,14
37,NW 36 ST FORREST DR,14
37,NW 36 ST EAST DR,14
37,EAST DR LABARON DR,14
37,EAST DR EASTWARD DR,14
37,EAST DR S ROYAL POINCIANA BD,14
37,HIALEAH DR E 4 AV,12
37,HIALEAH DR E 3 AV,12
37,E 2 AV HIALEAH DR,12
37,E 3 ST E 1 AV,12
37,E 1 AV E 5 ST,12
37,E 1 AV E 7 ST,12
37,E 1 AV E 9 ST,12
37,E 1 AV E 11 ST,12
37,E 1 AV E 14 ST,12
37,E 1 AV E 17 ST,12
37,E 1 AV E 19 ST,12
37,HIALEAH STA 115 E 21 ST,12
37,E 21 ST E 1 AV,12
37,PALM AV E 22 ST,11
37,PALM AV E 25 ST,11
37,PALM AV E 27 ST,11
37,PALM AV W 29 ST,11
37,PALM AV E 32 ST,11
37,PALM AV E 34 ST,11
37,PALM AV E 36 ST,11
37,PALM AV E 38 ST,11
37,PALM AV E 39 ST,11
37,PALM AV E 41 ST,11
37,PALM AV E 43 ST,11
37,PALM AV E 45 ST,11
37,PALM AV # 4735,11
37,PALM AV E 49 ST,11
37,PALM AV E 51 PL,11
37,PALM AV # 5385,11
37,PALM AV E 55 ST,11
37,PALM AV E 57 ST,11
37,PALM AV E 60 ST,11
37,PALM AV E 62 ST,11
37,PALM AV E 64 ST,11
37,W 65 ST W 1 AV,11
37,W 65 ST W 2 AV,11
37,W 2 CT # 6595,11
37,W 3 CT W 68 ST,11
37,W 3 CT W 71 ST,11
37,W 3 CT W 74 PL,11
37,W 4 AV W 75 ST,11
37,W 78 PL W 4 AV,11
37,W 78 RD W 2 CT,11
37,W 2 CT OP # 7575,11
37,W 2 CT W 74 PL,11
42,TRI RAIL STATION #480 ALI BA,11
42,OPA LOCKA BD ALI BABA AV,11
42,OPA LOCKA BD WEST DR,11
42,SINBAD AV OPA LOCKA BD,11
42,SINBAD AV SUPERIOR ST,11
42,NW 135 ST SINBAD AV,11
42,NW 135 ST NW 32 AV,11
42,NW 135 ST ALEXANDRIA DR,11
42,NW 135 ST CAIRO LA,11
42,NW 135 ST NW 38 CT,11
42,NW 135 ST OP # 4050,11
42,NW 42 AV NW 135 ST,11
42,NW 42 AV NW 132 ST,11
42,NW 42 AV # 12950,11
42,NW 42 AV NW 128 ST,11
42,NW 42 AV # 12620,11
42,NW 42 AV OP # 12601,11
42,E 8 AV # 5900,11
42,E 8 AV E 57 ST,11
42,E 8 AV E 55 ST,11
42,E 8 AV E 53 ST,11
42,E 8 AV E 51 ST,11
42,E 8 AV E 49 ST,11
42,E 8 AV E 47 ST,11
42,E 8 AV E 45 ST,11
42,E 8 AV E 43 ST,11
42,E 8 AV E 41 ST,11
42,E 8 AV E 39 ST,11
42,E 8 AV E 37 ST,11
42,E 8 AV E 35 ST,11
42,E 8 AV E 33 ST,11
42,E 8 AV E 31 ST,11
42,E 8 AV E 29 ST,11
42,E 8 AV E 27 ST,11
42,E 25 ST E 8 AV,11
42,E 25 ST E 9 AV,11
42,E 25 ST E 10 AV,11
42,E 25 ST E 11 AV,11
42,NW 37 AV NW 80 ST,11
42,NW 37 AV # 8303,11
42,E 8 AV E 25 ST,11
42,E 8 AV E 23 ST,11
42,E 8 AV E 21 ST,12
42,E 8 AV E 19 ST,12
42,E 8 AV E 17 ST,12
42,E 8 AV E 16 ST,12
42,E 8 AV E 13 ST,12
42,E 8 AV E 11 PL,12
42,E 8 AV E 9 ST,12
42,E 8 AV E 5 ST,12
42,NE 8 AV NE 3 PL,12
42,SE 8 AV HIALEAH DR,12
42,SE 8 AV SE 1 PL,12
42,SE 8 AV SE 3 PL,12
42,SE 8 AV SE 4 PL,12
42,SE 8 AV SE 6 PL,12
42,SE 8 AV SE 8 PL,12
42,SE 8 AV SE 10 PL,12
42,SE 8 AV OKEECHOBEE RD,12
42,MIA SPRINGS CIR N ROYAL,14
42,MIA SPRINGS CIR N ROYAL POIN,14
42,MIAMI SPRINGS CR CURTISS PY,14
42,SOUTH DR S ROYAL POINCIANA B,14
42,SOUTH DR MORNINGSIDE DR,14
42,SOUTH DR PINECREST DR,14
42,SOUTH DR EASTWARD DR,14
42,SOUTH DR LA BARON DR,14
42,SOUTH DR OAKWOOD DR,14
42,SOUTH DR NW 36 ST,14
42,NW 36 ST SOUTH DR,14
42,NW 36 ST LA VILLA DR,14
42,NW 36 ST MILLER DR,14
42,NW 36 ST LEE DR,14
42,NW 42 AV NW 36 ST,14
42,NW 42 AV NW 27 ST,25
42,MIAMI INTERNATIONAL AIRPORT,25
42,NW 42 AV NW 18 ST,25
42,NW 42 AV NW 11 ST,25
42,NW 42 AV NW 7 ST,31
42,NW 42 AV NW 4 ST,31
42,SW 42 AV W FLAGLER ST,31
42,SW 42 AV SW 2 TE,31
42,SW 42 AV SW 4 ST,31
42,SW 42 AV SW 8 ST,17
42,SW 42 AV SW 11 ST,17
42,SW 42 AV SW 13 TE,17
42,SW 42 AV SW 15 ST,17
42,SW 42 AV MADEIRA AV,17
42,SW 42 AV NAVARRE AV,17
42,SW 42 AV GIRALDA AV,17
42,SW 42 AV CORAL WY,17
42,SW 42 AV ANDALUSIA AV,17
42,SW 42 AV ALMERIA AV,17
42,SW 42 AV SEVILLA AV,17
42,SW 42 AV MALAGA AV,17
42,SW 42 AV UNIVERSITY DR,17
42,SW 42 AV CAMILO AV,17
42,SW 42 AV ALEDO AV,17
42,SW 42 AV FLUVIA AV,17
42,SW 40 ST SW 42 AV,17
42,SW 40 ST SW 39 AV,17
42,SW 40 ST SW 37 AV,17
42,DOUGLAS RD STATION 3100,9
42,DOUGLAS RD STATION 3100 SW 3,17
42,DOUGLAS RD STATION 3100 SW 3,9
42,SW 40 ST PONCE DE LEON BD,17
42,SW 40 ST SALZEDO ST,17
42,SW 42 AV CANDIA AV,17
42,SW 42 AV VISCAYA AV,17
42,SW 42 AV CADIMA AV,17
42,SW 42 AV CAMILO AV,17
42,SW 42 AV UNIVERSITY DR,17
42,SW 42 AV CATALONIA AV,17
42,SW 42 AV ALMERIA AV,17
42,SW 42 AV ANDALUSIA AV,17
42,SW 42 AV CORAL WY,17
42,SW 42 AV ARAGON AV,17
42,SW 42 AV ALCAZAR,17
42,SW 42 AV SW 16 TE,17
42,SW 42 AV SW 15 ST,17
42,SW 42 AV SW 13 ST,17
42,SW 42 AV SW 10 ST,17
42,SW 42 AV SW 8 ST,31
42,SW 42 AV SW 5 TE,31
42,SW 42 AV SW 4 ST,31
42,SW 42 AV SW 2 ST,31
42,SW 42 AV W FLAGLER ST,31
42,NW 42 AV NW 2 ST,31
42,NW 42 AV NW 4 ST,31
42,NW 42 AV NW 5 ST,31
42,NW 42 AV NW 7 ST,31
42,NW 42 AV NW 11 ST,31
42,NW 42 AV NW 14 ST,25
42,MIAMI INTERNATIONAL AIRP,25
42,MIAMI INTERNATIONAL AIRPORT,25
42,NW 42 AV NW 25 ST,25
42,NW 42 AV NW 27 ST,25
42,NW 42 AV NW 28 ST,25
42,NW 42 AV NW 30 ST,25
42,OKEECHOBEE RD LE JEUNE RD,14
42,MIA SPRINGS CIR N ROYAL,14
42,MIA SPRINGS CIR N ROYAL POIN,14
42,SE 8 AV SE 11 PL,12
42,SE 8 AV SE 10 PL,12
42,SE 8 AV SE 8 ST,12
42,SE 8 AV SE 6 PL,12
42,SE 8 AV SE 4 PL,12
42,SE 8 AV SE 4 ST,12
42,SE 8 AV SE 1 PL,12
42,NE 8 AV HIALEAH DR,12
42,NE 8 AV NE 3 PL,12
42,E 8 AV E 6 ST,12
42,E 8 AV E 7 ST,12
42,E 8 AV E 9 ST,12
42,E 8 AV E 11 PL,12
42,E 8 AV E 13 ST,12
42,E 8 AV E 17 ST,12
42,E 8 AV E 19 ST,12
42,E 8 AV E 21 ST,12
42,E 8 AV E 23 ST,11
42,E 8 AV E 25 ST,11
42,E 25 ST E 8 AV,11
42,E 25 ST E 9 AV,11
42,E 25 ST E 10 AV,11
42,E 25 ST E 11 AV,11
42,NW 37 AV NW 80 ST,11
42,NW 37 AV # 8303,11
42,E 8 AV E 26 ST,11
42,E 8 AV E 29 ST,11
42,E 8 AV E 31 ST,11
42,E 8 AV E 33 ST,11
42,E 8 AV E 35 ST,11
42,E 8 AV E 37 ST,11
42,E 8 AV E 39 PL,11
42,E 8 AV E 41 ST,11
42,E 8 AV E 43 ST,11
42,E 8 AV E 45 ST,11
42,E 8 AV E 47 ST,11
42,E 8 AV E 49 ST,11
42,E 8 AV E 51 ST,11
42,E 8 AV E 53 ST,11
42,E 8 AV E 56 ST,11
42,E 8 AV # 6101,11
42,NW 42 AV NW 42/37AV CONNECTO,11
42,E 8 AV E 65 ST,11
42,NW 42 AV NW 119 ST,11
42,NW 42 AV # 12601,11
42,NW 42 AV NW 127 ST,11
42,NW 42 AV NW 128 ST,11
42,NW 42 AV OP #12950,11
42,NW 42 AV NW 132 ST,11
42,NW 135 ST NW 42 AV,11
42,NW 135 ST # 4050,11
42,NW 135 ST NW 38 CT,11
42,NW 135 ST # 3680,11
42,NW 135 ST ALEXANDRIA DR,11
42,NW 135 ST NW 32 AV,11
42,SINBAD AV NW 135 ST,11
42,SINBAD AV OPA LOCKA BD,11
42,OPA LOCKA BD RUTLAND ST,11
42,OPA LOCKA BD ALI BABA AV,11
42,OPA LOCKA BD CALIPH AV,11
42,SHARAZAD BD PERVIZ AV,11
42,TRI RAIL STATION #480 AL,11
42,TRI RAIL STATION #480 ALI BA,11
51,SW 132 AV SW 8 ST,15
51,SW 132 AV SW 12 ST,15
51,SW 132 AV SW 13 ST,15
51,SW 132 AV SW 18 ST,15
51,SW 18 ST SW 137 AV,15
51,SW 137 AV SW 18 ST,15
51,SW 137 AV SW 22 ST,15
51,SW 26 ST SW 137 AV,15
51,SW 26 ST SW 134 AV,15
51,SW 26 ST SW 132 AV N,15
51,SW 26 ST SW 132 AV S,15
51,SW 26 ST SW 130 AV,15
51,SW 26 ST SW 129 AV,15
51,SW 26 ST SW 127 AV,15
51,SW 26 ST SW 124 AV,15
51,SW 122 AV SW 26 ST,15
51,SW 122 AV SW 22 ST,15
51,SW 122 AV SW 20 TE,15
51,SW 122 AV SW 18 ST,15
51,SW 122 AV SW 14 ST,15
51,SW 122 AV SW 10 ST,15
51,WALSH BD SW 5 ST,39
51,WALSH BD SW 4 ST,39
51,W FLAGLER ST SW 118 AV E/F,38
51,W FLAGLER ST SW 115 AV,38
51,W FLAGLER ST SW 114 AV,38
51,W FLAGLER ST SW 113 AV,38
51,W FLAGLER ST SW 112 AV,38
51,W FLAGLER ST SW 109 AV,38
51,W FLAGLER ST SW 108 AV,38
51,W FLAGLER ST SW 107 AV,37
51,W FLAGLER ST SW 102 AV,37
51,W FLAGLER ST SW 97 AV,37
51,W FLAGLER ST # 9250,36
51,W FLAGLER ST FONTAINEBLEAU B,36
51,W FLAGLER ST SW 87 AV,35
51,W FLAGLER ST SW 78 PL,34
51,W FLAGLER ST SW 72 AV,34
51,W FLAGLER ST SW 67 AV,34
51,W FLAGLER ST SW 61 AV,33
51,W FLAGLER ST SW 57 AV,32
51,W FLAGLER ST SW 47 AV,31
51,W FLAGLER ST SW 41 AV,31
51,W FLAGLER ST SW 37 AV,30
51,W FLAGLER ST SW 27 AV,30
51,NW 1 ST NW 1 AV,20
51,NW 1 ST NW 1 AV,20
51,W FLAGLER ST NW 12 AV,27
51,W FLAGLER ST NW 27 AV,29
51,W FLAGLER ST NW 37 AV,31
51,W FLAGLER ST NW 42 AV,31
51,W FLAGLER ST NW 47 AV,31
51,W FLAGLER ST NW 57 AV,32
51,W FLAGLER ST NW 61 AV,33
51,W FLAGLER ST NW 67 CT,33
51,W FLAGLER ST # 7167,33
51,W FLAGLER ST NW 79 AV,34
51,W FLAGLER ST NW 87 AV,35
51,W FLAGLER ST FONTAINEBLEAU B,36
51,W FLAGLER ST OP # 9250,36
51,W FLAGLER ST NW 97 AV,37
51,W FLAGLER ST NW 102 AV,37
51,W FLAGLER ST NW 107 AV,38
51,W FLAGLER ST NW 108 CT,38
51,W FLAGLER ST NW 109 AV,38
51,W FLAGLER ST NW 112 AV,39
51,W FLAGLER ST # 11303,39
51,W FLAGLER ST # 11495,39
51,SW 118 AV W FLAGLER ST S/F,39
51,WALSH BD SW 4 ST,39
51,WALSH BD SW 5 ST,39
51,SW 122 AV SW 10 ST,15
51,SW 122 AV SW 14 ST,15
51,SW 122 AV SW 16 TE,15
51,SW 122 AV SW 20 TE,15
51,SW 122 AV SW 22 ST,15
51,SW 122 AV SW 26 ST,15
51,SW 26 ST SW 124 AV,15
51,SW 26 ST SW 127 AV,15
51,SW 26 ST SW 129 AV,15
51,SW 26 ST SW 130 AV,15
51,SW 26 ST SW 131 PL,15
51,SW 26 ST SW 134 AV,15
51,SW 26 ST SW 137 AV,15
51,SW 137 AV SW 26 ST,15
51,SW 137 AV SW 22 ST,15
51,SW 137 AV SW 18 ST,15
51,SW 132 AV SW 8 ST,15
73,DADELAND SOUTH STA 9150 DADE,17
73,DADELAND BD SW 88 ST,17
73,SW 88 ST SW 69 CT,9
73,SW 88 ST SW 68 CT,9
73,SW 67 AV SW 88 ST,9
73,SW 67 AV US 1,9
73,SW 67 AV SW 80 ST,17
73,SW 67 AV SW 78 TE,17
73,SW 67 AV SW 76 TE,17
73,SW 67 AV SW 74 ST,17
73,SW 67 AV SW 72 ST,17
73,SW 67 AV SW 69 TE,17
73,SW 67 AV SW 67 ST,17
73,SW 67 AV SW 65 TE,17
73,SW 67 AV SW 64 ST,17
73,SW 67 AV SW 62 TE,17
73,SW 67 AV SW 61 ST,17
73,SW 67 AV SW 60 ST,17
73,SW 67 AV SW 57 TE,17
73,SW 67 AV SW 54 ST,17
73,SW 67 AV SW 52 TE,17
73,SW 67 AV SW 50 TE,17
73,SW 67 AV SW 48 ST,17
73,SW 67 AV SW 47 ST,17
73,SW 67 AV SW 44 ST,17
73,SW 67 AV SW 40 ST,17
73,SW 67 AV SW 39 ST,17
73,SW 67 AV SW 36 ST,17
73,SW 67 AV SW 34 ST,17
73,SW 67 AV SW 32 ST,17
73,SW 67 AV SW 30 ST,17
73,SW 67 AV SW 28 ST,17
73,SW 67 AV SW 27 ST,17
73,SW 67 AV SW 25 TE,17
73,SW 67 AV SW 24 ST,17
73,SW 67 AV SW 21 ST,17
73,SW 67 AV SW 18 ST,17
73,SW 67 AV SW 14 ST,17
73,SW 67 AV SW 12 ST,17
73,SW 67 AV SW 10 ST,17
73,SW 67 AV SW 8 ST,33
73,SW 67 AV SW 6 ST,33
73,SW 67 AV SW 4 ST,33
73,SW 67 AV SW 2 ST,33
73,W FLAGLER ST NW 67 CT,33
73,W FLAGLER ST NW 69 AV,33
73,W FLAGLER ST # 7167,33
73,NW 72 AV NW 1 TE,34
73,NW 72 AV NW 2 TE,34
73,NW 72 AV NW 4 ST,34
73,NW 72 AV NW 7 ST,14
73,NW 72 AV NW 11 ST,14
73,NW 12 ST NW 72 AV,14
73,MILAM DAIRY RD NW 14 ST,14
73,NW 72 AV NW 16 ST,14
73,NW 72 AV # 1851,14
73,NW 72 AV # 2141,14
73,NW 72 AV NW 22 ST,14
73,NW 72 AV NW 25 ST,14
73,NW 72 AV OP # 2800,14
73,NW 72 AV NW 30 ST,14
73,NW 72 AV NW 33 TE,14
73,NW 72 AV NW 35 TE,14
73,NW 72 AV NW 36 ST,14
73,NW 72 AV NW 42 ST,14
73,NW 72 AV # 4535,14
73,NW 72 AV # 4855,14
73,NW 72 AV NW 52 ST,14
73,NW 72 AV NW 53 TE,14
73,NW 72 AV NW 56 ST,14
73,NW 72 AV NW 58 ST,14
73,NW 72 AV NW 61 ST,14
73,NW 72 AV NW 64 ST,14
73,NW 72 AV NW 66 ST,14
73,NW 72 AV NW 70 ST,14
73,NW 72 AV NW 74 ST,14
73,NW 74 ST NW 72 AV,14
73,NW 74 ST # 6900,14
73,OKEECHOBEE RD STA 2005 W OKE,12
73,W 19 ST OKEECHOBEE RD,12
73,W 12 AV W 23 ST,11
73,W 12 AV W 26 ST,11
73,W 12 AV W 27 ST,11
73,W 12 AV W 30 ST,11
73,W 12 AV W 32 ST,11
73,W 12 AV W 33 PL,11
73,W 12 AV W 35 ST,11
73,W 12 AV W 37 ST,11
73,W 12 AV W 40 PL,11
73,W 12 AV W 42 ST,11
73,W 12 AV W 44 PL,11
73,W 12 AV W 46 ST,11
73,W 12 AV W 48 ST,11
73,W 12 AV W 50 ST,11
73,W 12 AV W 51 PL,11
73,W 12 AV W 54 ST,11
73,W 12 AV W 56 ST,11
73,W 12 AV W 58 ST,11
73,W 12 AV W 60 ST,11
73,W 12 AV W 63 ST,11
73,W 12 AV W 66 ST,11
73,W 12 AV W 68 ST,11
73,W 12 AV W 70 PL,11
73,W 12 AV W 74 ST,11
73,W 12 AV W 76 ST,11
73,W 12 AV W 78 ST,11
73,W 12 AV W 84 ST,11
73,W 84 ST # 940,11
73,W 84 ST W 8 AV,11
73,NW 60 AV NW 139 ST,11
73,NW 60 AV NW 142 ST,11
73,NW 60 AV APPROX # 14401,11
73,NW 60 AV MIAMI LAKES DR,11
73,MIAMI LAKES DR E PENT PL,11
73,MIAMI LAKES DR E # 15010,11
73,MIAMI LAKES DR E NW 67 AV,11
73,NW 67 AV EAGLE NEST LN S,11
73,NW 67 AV MAIN ST,11
73,NW 67 AV EAGLE NEST LN N,11
73,NW 67 AV MIAMI LAKEWAY N,11
73,NW 67 AV KINGSMORE WAY,11
73,NW 67 AV WINDMILL GATE RD,11
73,NW 174 ST NW 67 AV,11
73,NW 68 AV OP # 17530,11
73,NW 68 AV NW 179 ST,11
73,NW 68 AV NW 182 ST,11
73,NW 73 AV NW186 ST S-F,11
73,NW 73 AV NW186 ST S-F,11
73,NW 68 AV NW 179 ST,11
73,NW 68 AV # 17600,11
73,NW 67 AV LOCH NESS,11
73,NW 67 AV MIAMI LAKEWAY N,11
73,NW 67 AV BULL RUN RD,11
73,NW 67 AV MAIN ST,11
73,NW 67 AV NEW BARN RD,11
73,MIAMI LAKES DR E NW 67 AV,11
73,MIAMI LAKES DR E OP # 15000,11
73,MIAMI LAKES DR E PENT PL,11
73,NW 60 AV MIAMI LAKES DR,11
73,NW 60 AV # 14740,11
73,NW 60 AV # 14400,11
73,NW 60 AV NW 142 ST,11
73,NW 60 AV NW 139 ST,11
73,NW 138 ST OP # 830,11
73,NW 138 ST OP # 940,11
73,W 12 AV W 84 ST,11
73,W 12 AV W 79 ST,11
73,W 12 AV W 78 ST,11
73,W 12 AV W 71 ST,11
73,W 12 AV W 69 ST,11
73,W 12 AV W 68 ST,11
73,W 12 AV W 64 TE,11
73,W 12 AV W 60 TE,11
73,W 12 AV W 60 ST,11
73,W 12 AV W 58 ST,11
73,W 12 AV W 55 ST,11
73,W 12 AV W 51 PL,11
73,W 12 AV W 50 ST,11
73,W 12 AV W 49 ST,11
73,W 12 AV #4650,11
73,W 12 AV W 44 PL,11
73,W 12 AV W 42 ST,11
73,W 12 AV W 39 TE,11
73,W 12 AV W 37 ST,11
73,W 12 AV W 34 ST,11
73,W 12 AV W 31 ST,11
73,W 12 AV W 29 ST,11
73,W 12 AV W 28 ST,11
73,W 12 AV W 26 PL,11
73,W 12 AV W 25 ST,11
73,W 12 AV W 23 ST,11
73,OKEECHOBEE RD STA 2005 W OKE,12
73,W 19 ST OKEECHOBEE RD,12
73,NW 74 ST NW 69 AV RD,14
73,NW 74 ST # 7101,14
73,NW 72 AV NW 74 ST,14
73,NW 72 AV NW 70 ST,14
73,NW 72 AV NW 66 ST,14
73,NW 72 AV NW 64 ST,14
73,NW 72 AV NW 61 ST,14
73,NW 72 AV NW 58 ST,14
73,NW 72 AV NW 56 ST,14
73,NW 72 AV NW 54 ST,14
73,NW 72 AV NW 50 ST,14
73,NW 72 AV OP # 4751,14
73,NW 72 AV NW 44 ST,14
73,NW 72 AV NW 41 ST,14
73,NW 72 AV NW 36 ST,14
73,NW 72 AV NW 35 ST,14
73,NW 72 AV NW 33 ST,14
73,NW 72 AV NW 31 ST,14
73,NW 72 AV # 2800,14
73,NW 72 AV NW 25 ST,14
73,NW 72 AV # 2300,14
73,NW 72 AV # 2200,14
73,NW 72 AV NW 19 ST,14
73,NW 72 AV NW 16 ST,14
73,MILAM DAIRY RD NW 14 ST,14
73,NW 12 ST NW 72 AV,14
73,NW 72 AV NW 11 ST,14
73,FRONTAGE RD,14
73,NW 72 AV NW 6 ST,34
73,NW 72 AV NW 4 ST,34
73,NW 72 AV NW 2 TE,34
73,W FLAGLER ST SW 72 AV,34
73,W FLAGLER ST SW 71 AV,34
73,W FLAGLER ST SW 69 AV,34
73,W FLAGLER ST SW 67 CT,34
73,W FLAGLER ST SW 67 AV,34
73,SW 67 AV W FLAGLER ST,34
73,SW 67 AV # 330,33
73,SW 67 AV SW 6 ST,34
73,SW 67 AV SW 8 ST,17
73,SW 67 AV SW 12 ST,17
73,SW 67 AV SW 14 ST,17
73,SW 67 AV SW 18 ST,17
73,SW 67 AV SW 20 ST,17
73,SW 67 AV SW 21 ST,17
73,SW 67 AV SW 23 ST,17
73,SW 67 AV SW 24 ST,17
73,SW 67 AV SW 26 TE,17
73,SW 67 AV SW 28 ST,17
73,SW 67 AV SW 29 ST,17
73,SW 67 AV SW 30 ST,17
73,SW 67 AV SW 32 TE,17
73,SW 67 AV SW 34 ST,17
73,SW 67 AV N WATERWAY DR,17
73,SW 67 AV SW 39 ST,17
73,SW 67 AV SW 40 ST,17
73,SW 67 AV SW 44 ST,17
73,SW 67 AV SW 46 ST,17
73,SW 67 AV SW 48 ST,17
73,SW 67 AV SW 49 TR,17
73,SW 67 AV SW 51 TE,17
73,SW 67 AV SW 53 ST,17
73,SW 67 AV SW 54 ST,17
73,SW 67 AV SW 56 ST,17
73,SW 67 AV SW 57 TE,17
73,SW 67 AV SW 60 ST,17
73,SW 67 AV SW 64 ST,17
73,SW 67 AV SW 65 TE,17
73,SW 67 AV SW 67 ST,17
73,SW 67 AV SW 69 TE,17
73,SW 67 AV # 7000,17
73,SW 67 AV SW 72 ST,17
73,SW 67 AV SW 75 TE,17
73,SW 67 AV SW 77 TE,17
73,SW 67 AV SW 80 ST,17
73,SW 67 AV US 1,9
73,SW 67 AV SW 88 ST,9
73,SW 88 ST SW 68 CT,9
73,SW 88 ST US 1,9
73,SW 88 ST SW 72 CT,17
73,DADELAND BD SW 88 ST,17
73,DADELAND SOUTH STA 9150,17
73,DADELAND SOUTH STA 9150 DADE,9
77,NW 7 AV NW 183 ST,10
77,NW 7 AV NW 186 DR,10
77,NW 7 AV NW 189 TE,10
77,NW 7 AV NW 191 ST,10
77,NW 7 AV NW 194 ST,10
77,NW 7 AV NW 195 TE,10
77,NW 7 AV NW 197 ST,10
77,NW 199 ST NW 6 AV,10
77,NW 199 ST NW 5 AV,10
77,NW 199 ST NW 2 AV,10
77,NW 2 AV NW 195 ST,10
77,NW 2 AV NW 191 ST,10
77,NW 2 AV NW 188 ST,10
77,NW 2 AV OP # 18601,10
77,NW 183 ST NW 7 AV,10
77,NW 183 ST NW 5 AV,10
77,NW 183 ST NW 3 AV,10
77,NW 2 AV NW 183 ST,10
77,NW 2 AV NW 181 ST,10
77,NW 2 AV NW 179 ST,10
77,NW 2 AV NW 177 ST,10
77,GOLDEN GLADES NW 7 AV,11
77,GOLDEN GLADES TERMINAL,11
77,NW 7 AV OP # 15781,11
77,NW 7 AV NW 155 LA,11
77,NW 7 AV S BISCAYNE RIVER DR,11
77,NW 7 AV NW 151 ST,11
77,NW 7 AV NW 148 ST,11
77,NW 7 AV NW 146 ST,11
77,NW 7 AV NW 145 ST,11
77,NW 7 AV NW 143 ST,11
77,NW 7 AV NW 141 ST,11
77,NW 7 AV NW 139 ST,11
77,NW 7 AV OPA LOCKA BD,11
77,NW 7 AV NW 135 ST,11
77,NW 7 AV NW 133 ST,11
77,NW 7 AV NW 131 ST,11
77,NW 7 AV NW 129 ST,11
77,NW 7 AV NW 127 ST,11
77,NW 7 AV NW 125 ST,11
77,NW 7 AV NW 123 ST,11
77,NW 7 AV NW 120 ST,11
77,NW 7 AV NW 116 TE,11
77,NW 7 AV NW 115 ST,11
77,NW 7 AV NW 113 ST,11
77,NW 7 AV NW 111 ST,11
77,NW 7 AV NW 107 ST,11
77,NW 7 AV NW 105 ST,11
77,NW 7 AV NW 103 ST,11
77,NW 7 AV NW 101 ST,11
77,NW 7 AV NW 99 ST,11
77,NW 7 AV NW 97 ST,11
77,NW 7 AV NW 95 ST,11
77,NW 7 AV # 9150,11
77,NW 7 AV NW 90 ST,11
77,NW 7 AV LITTLE RIVER DR,11
77,NW 7 AV NW 85 ST,11
77,NW 7 AV NW 84 ST,11
77,NW 7 AV NW 83 ST,11
77,NW 7 AV NW 81 ST,11
77,NW 7 AV NW 79 ST,10
77,NW 7 AV NW 77 ST,10
77,NW 7 AV NW 75 ST,10
77,NW 7 AV NW 73 ST,10
77,NW 7 AV NW 71 ST,10
77,NW 7 AV NW 69 ST,10
77,NW 7 AV NW 66 ST,10
77,NW 7 AV NW 64 ST,10
77,NW 7 AV NW 62 ST,10
77,NW 7 AV NW 60 ST,10
77,NW 7 AV NW 58 ST,10
77,NW 7 AV NW 55 TE,10
77,NW 7 AV NW 54 ST,10
77,NW 7 AV NW 52 ST,10
77,NW 7 AV NW 50 ST,12
77,NW 7 AV NW 48 ST,12
77,NW 7 AV NW 47 ST,12
77,NW 7 AV NW 44 ST,12
77,NW 7 AV NW 35 ST,13
77,NW 7 AV NW 34 ST,13
77,NW 7 AV NW 32 ST,13
77,NW 7 AV NW 29 ST,13
77,NW 29 ST NW 7 AV,13
77,NW 7 AV NW 28 ST,13
77,NW 7 AV NW 25 ST,13
77,NW 7 AV NW 24 ST,13
77,NW 7 AV NW 23 ST,13
77,NW 7 AV NW 21 TE,13
77,NW 7 AV NW 20 ST,13
77,NW 7 AV NW 18 TE,13
77,NW 7 AV NW 17 ST,13
77,NW 7 AV NW 15 ST,13
77,NW 7 AV NW 14 ST,13
77,NW 7 AV NW 13 ST,13
77,NW 7 AV NW 11 ST,13
77,NW 7 AV NW 9 ST,13
77,NW 7 AV NW 8 ST RD,13
77,NW 7 AV NW 6 ST,13
77,NW NORTH RIVER D NW 6 AV,26
77,NW NORTH RIVER D NW 3 ST,26
77,NW NORTH RIVER D NW 2 ST,26
77,NW NORTH RIVER D W FLAGLER S,26
77,SW 2 ST SW 2 AV,21
77,SW 1 ST SW 1 CT,20
77,SE 1ST SE 1 AV,20
77,SE 1 ST SE 3 AV,20
77,NE 1 ST NE 3 AV,20
77,NE 1 ST NE 2 AV,20
77,NE 1 ST NE 1 AV,20
77,NW 1 ST N MIAMI AV,20
77,NW 1 ST NW 1 AV,20
77,NW 1 ST NW 1 AV,20
77,NW NORTH RIVER D NW 2 ST,26
77,NW NORTH RIVER D NW 3 ST,26
77,NW NORTH RIVER D NW 6 AV,26
77,NW NORTH RIVER D NW 5 ST,26
77,NW 7 AV NW 7 ST,13
77,NW 7 AV NW 8 ST RD,13
77,NW 7 AV NW 10 ST,13
77,NW 7 AV NW 11 ST,13
77,NW 7 AV NW 13 ST,13
77,NW 7 AV NW 14 ST,13
77,NW 7 AV NW 15 ST,13
77,NW 7 AV NW 17 ST,13
77,NW 7 AV NW 18 TE,13
77,NW 7 AV NW 20 ST,13
77,NW 7 AV NW 21 TE,13
77,NW 7 AV NW 22 ST,13
77,NW 7 AV NW 24 ST,13
77,NW 7 AV NW 27 ST,13
77,NW 7 AV NW 29 ST,13
77,NW 7 AV NW 31 ST,13
77,NW 7 AV NW 32 ST,13
77,NW 7 AV NW 34 ST,13
77,NW 7 AV NW 36 ST,13
77,NW 7 AV NW 44 ST,12
77,NW 7 AV NW 46 ST,12
77,NW 7 AV NW 47 TE,12
77,NW 7 AV NW 49 ST,12
77,NW 7 AV NW 51 ST,10
77,NW 7 AV NW 53 ST,12
77,NW 7 AV NW 54 ST,10
77,NW 7 AV NW 56 ST,12
77,NW 7 AV NW 58 ST,10
77,NW 7 AV NW 60 ST,12
77,NW 7 AV NW 62 ST,10
77,NW 7 AV NW 64 ST,10
77,NW 7 AV NW 67 ST,10
77,NW 7 AV NW 69 ST,10
77,NW 7 AV NW 71 ST,10
77,NW 7 AV NW 73 ST,10
77,NW 7 AV NW 75 ST,10
77,NW 7 AV NW 77 ST,10
77,NW 7 AV NW 79 ST,10
77,NW 7 AV NW 81 ST,10
77,NW 7 AV NW 83 ST,10
77,NW 7 AV NW 85 ST,10
77,NW 7 AV LITTLE RIVER DR,10
77,NW 7 AV NW 91 ST,10
77,NW 7 AV NW 94 ST,10
77,NW 7 AV NW 95 TE,10
77,NW 7 AV NW 97 ST,10
77,NW 7 AV NW 99 ST,10
77,NW 7 AV NW 101 ST,10
77,NW 7 AV NW 103 ST,10
77,NW 7 AV NW 106 ST,10
77,NW 7 AV NW 107 ST,10
77,NW 7 AV NW 109 ST,10
77,NW 7 AV NW 111 ST,10
77,NW 7 AV NW 113 ST,10
77,NW 7 AV NW 115 ST,10
77,NW 7 AV NW 117 ST,10
77,NW 7 AV NW 119 ST,10
77,NW 7 AV NW 121 ST,10
77,NW 7 AV NW 123 ST,10
77,NW 7 AV NW 125 ST,10
77,NW 7 AV NW 127 ST,10
77,NW 7 AV NW 129 ST,10
77,NW 7 AV NW 131 ST,10
77,NW 7 AV NW 133 ST,10
77,NW 7 AV NW 135 ST,10
77,NW 7 AV OPA LOCKA BD,10
77,NW 7 AV NW 140 ST,10
77,NW 7 AV NW 141 ST,10
77,NW 7 AV NW 143 ST,10
77,NW 7 AV NW 145 ST,10
77,NW 7 AV NW 147 ST,10
77,NW 7 AV # 14901,10
77,NW 7 AV NW 151 ST,10
77,NW 7 AV NW 153 ST,10
77,NW 7 AV NW 156 ST,10
77,NW 7 AV NW 157 ST,11
77,GOLDEN GLADES NW 7 AV,11
77,GOLDEN GLADES TERMINAL,11
77,NW 2 AV NW 177 ST,10
77,NW 2 AV NW 179 ST,10
77,NW 2 AV NW 181 ST,10
77,NW 2 AV NW 183 ST,10
77,NW 2 AV # 18601,10
77,NW 2 AV NW 187 ST,10
77,NW 2 AV NW 189 ST,10
77,NW 2 AV NW 191 ST,10
77,NW 2 AV NW 193 ST,10
77,NW 2 AV NW 195 ST,10
77,NW 199 ST NW 2 AV,10
77,NW 199 ST NW 3 PL,10
77,NW 7 AV NW 199 ST,10
77,NW 7 AV NW 197 TE,10
77,NW 7 AV # 19520,10
77,NW 7 AV NW 194 ST,10
77,NW 7 AV NW 191 ST,10
77,NW 7 AV NW 189 TE,10
77,NW 7 AV NW 187 DR,10
77,NW 183 ST NW 2 AV,10
77,NW 183 ST NW 3 AV,10
77,NW 183 ST NW 5 AV,10
77,NW 183 ST NW 6 CT,10
77,NW 7 AV NW 183 ST,10
